date_bjt,time_bjt,match,team,home_adaptation_multiplier,travel_multiplier,weather_multiplier,cohesion_multiplier,injury_multiplier,opponent_attack_multiplier,tempo_multiplier,weather_high_c,travel_km,analysis_notes,source_urls
2026-06-14,03:00,Qatar vs Switzerland,Qatar,,0.96,1.02,,,,1.00,30,13000,"Santa Clara forecast high 30C; Qatar are heat-adapted but long travel remains a negative. No strong injury signal found.","weather:Santa Clara 2026-06-13 forecast; preview:https://www.rotowire.com/soccer/article/qatar-vs-switzerland-preview-predicted-lineups-team-news-tactical-analysis-2026-world-cup-group-b-117815"
2026-06-14,03:00,Qatar vs Switzerland,Switzerland,,0.97,0.96,,0.97,,0.99,30,9400,"Santa Clara forecast high 30C; Switzerland are high-latitude/cooler-climate profile. Ruben Vargas is questionable, reducing width and set-piece delivery.","weather:Santa Clara 2026-06-13 forecast; injury:https://www.rotowire.com/soccer/article/qatar-vs-switzerland-preview-predicted-lineups-team-news-tactical-analysis-2026-world-cup-group-b-117815"
2026-06-14,06:00,Brazil vs Morocco,Brazil,,0.97,1.01,,0.94,,1.00,32,7700,"East Rutherford forecast high 32C; Brazil are heat-adapted but Neymar is not expected for a full 90 minutes, reducing central creativity.","weather:East Rutherford 2026-06-13 forecast; injury:https://www.rotowire.com/soccer/article/brazil-vs-morocco-preview-predicted-lineups-team-news-tactical-analysis-2026-world-cup-group-c-117816; espn:https://www.espn.com/soccer/story/_/id/49026946/fifa-world-cup-2026-brazil-vs-morocco-kickoff-how-watch-stats-team-news"
2026-06-14,06:00,Brazil vs Morocco,Morocco,,0.98,1.00,,0.97,1.06,1.00,32,6100,"East Rutherford forecast high 32C. Morocco have defensive injury pressure: Aguerd out, Mazraoui questionable, Ez Abde out for group stage; this raises opponent scoring risk.","weather:East Rutherford 2026-06-13 forecast; injury:https://www.rotowire.com/soccer/article/brazil-vs-morocco-preview-predicted-lineups-team-news-tactical-analysis-2026-world-cup-group-c-117816"
2026-06-14,09:00,Haiti vs Scotland,Haiti,,0.99,1.01,,1.00,,1.00,33,2600,"Foxborough forecast high 33C; Haiti have warmer-climate adaptation and RotoWire reports no injury concerns.","weather:Foxborough 2026-06-13 forecast; team_news:https://www.rotowire.com/soccer/article/haiti-vs-scotland-preview-predicted-lineups-team-news-tactical-analysis-2026-world-cup-group-c-117818"
2026-06-14,09:00,Haiti vs Scotland,Scotland,,0.96,0.94,1.02,1.00,,1.00,33,5100,"Foxborough forecast high 33C; Scotland are high-latitude/cooler-climate profile. Guardian reports a North Carolina preparation base and RotoWire reports a settled shape with no injury concerns.","weather:Foxborough 2026-06-13 forecast; preparation:https://www.theguardian.com/football/2026/jun/12/scotland-world-cup-football-haiti-steve-clarke; team_news:https://www.rotowire.com/soccer/article/haiti-vs-scotland-preview-predicted-lineups-team-news-tactical-analysis-2026-world-cup-group-c-117818"
2026-06-14,12:00,Australia vs Turkey,Australia,,0.98,,0.96,1.00,,1.00,26,12500,"Vancouver forecast high 26C, below heat threshold. Australia trained in Oakland before traveling to Vancouver, but Guardian notes 17 debutants, so cohesion is slightly discounted.","weather:Vancouver 2026-06-13 forecast; preparation:https://www.theguardian.com/football/2026/jun/13/socceroos-world-cup-australia-football-team-preview"
2026-06-14,12:00,Australia vs Turkey,Turkey,,0.97,,,0.96,,1.00,26,9700,"Vancouver forecast high 26C, below heat threshold. Sports Mole says Kenan Yildiz is a major doubt, while Arda Guler has recovered.","weather:Vancouver 2026-06-13 forecast; injury:https://www.sportsmole.co.uk/football/australia/world-cup-2026/predicted-lineups/will-yildiz-be-involved-how-turkey-could-line-up-against-australia_599009.html"
2026-06-15,01:00,Germany vs Curaçao,Germany,,0.97,0.99,0.98,1.00,,0.99,32,8500,"Houston forecast near 32C. RotoWire says Germany are overwhelming favorites but Nagelsmann's XI has experimental edges and Neuer is a game-time decision with a calf issue.","weather:Houston 2026-06-14 forecast; preview:https://www.rotowire.com/soccer/article/germany-vs-curacao-preview-predicted-lineups-team-news-tactical-analysis-2026-world-cup-group-e-117956"
2026-06-15,01:00,Germany vs Curaçao,Curaçao,,0.99,1.01,1.00,1.00,1.02,0.99,32,3500,"Houston forecast near 32C. Curaçao are heat-adapted, have no listed injury concern, and are expected to defend deep in a 4-5-1 shape. Germany goalkeeper uncertainty gives only a small opponent-attack bump.","weather:Houston 2026-06-14 forecast; preview:https://www.rotowire.com/soccer/article/germany-vs-curacao-preview-predicted-lineups-team-news-tactical-analysis-2026-world-cup-group-e-117956"
2026-06-15,04:00,Netherlands vs Japan,Netherlands,,0.97,0.99,0.99,0.98,1.00,1.00,30,7900,"Arlington forecast around 30C. RotoWire says Netherlands are slight favorites; Verbruggen is day-to-day with a hip issue. Sports Mole also notes wider Dutch injury absences, but the starting XI remains strong.","weather:Arlington 2026-06-14 forecast; preview:https://www.rotowire.com/soccer/article/netherlands-vs-japan-preview-predicted-lineups-team-news-tactical-analysis-2026-world-cup-group-f-117958; secondary:https://www.sportsmole.co.uk/football/netherlands/world-cup-2026/preview/netherlands-vs-japan-prediction-team-news-lineups_599059.html"
2026-06-15,04:00,Netherlands vs Japan,Japan,,0.96,0.99,1.02,0.96,1.02,1.00,30,10200,"Arlington forecast around 30C. RotoWire and Sports Mole both rate Japan as coherent and dangerous in transition, but Mitoma is out and Endo is not projected to start.","weather:Arlington 2026-06-14 forecast; preview:https://www.rotowire.com/soccer/article/netherlands-vs-japan-preview-predicted-lineups-team-news-tactical-analysis-2026-world-cup-group-f-117958; secondary:https://www.sportsmole.co.uk/football/netherlands/world-cup-2026/preview/netherlands-vs-japan-prediction-team-news-lineups_599059.html"
2026-06-15,07:00,Ivory Coast vs Ecuador,Ivory Coast,,0.96,1.01,1.00,1.00,1.05,0.97,33,7800,"Philadelphia forecast near 33C. Ivory Coast are warmer-climate adapted and athletic, but key defender Evan N'Dicka is ruled out, raising Ecuador's scoring chance.","weather:Philadelphia 2026-06-14 forecast; preview:https://www.rotowire.com/soccer/article/ivory-coast-vs-ecuador-preview-predicted-lineups-team-news-tactical-analysis-2026-world-cup-group-e-117960; secondary:https://www.sportsmole.co.uk/football/ivory-coast/world-cup-2026/preview/ivory-coast-vs-ecuador-prediction-team-news-lineups_599029.html"
2026-06-15,07:00,Ivory Coast vs Ecuador,Ecuador,,0.98,1.00,1.01,0.96,1.00,0.97,33,4500,"Philadelphia forecast near 33C. Ecuador's defensive structure is the main strength, but Enner Valencia is a game-time decision with a calf issue, lowering attack output.","weather:Philadelphia 2026-06-14 forecast; preview:https://www.rotowire.com/soccer/article/ivory-coast-vs-ecuador-preview-predicted-lineups-team-news-tactical-analysis-2026-world-cup-group-e-117960; secondary:https://www.sportsmole.co.uk/football/ivory-coast/world-cup-2026/preview/ivory-coast-vs-ecuador-prediction-team-news-lineups_599029.html"
2026-06-15,10:00,Sweden vs Tunisia,Sweden,,0.96,0.97,0.99,0.98,1.00,0.98,28,9300,"Monterrey forecast high near 28C, with late kickoff cooler. Sweden have elite striker pair Isak/Gyokeres, but Nygren is a game-time decision and Gudmundsson/Lindelof have minor fitness notes.","weather:Monterrey 2026-06-14 forecast; preview:https://www.rotowire.com/soccer/article/sweden-vs-tunisia-preview-predicted-lineups-team-news-tactical-analysis-2026-world-cup-group-f-117963; secondary:https://www.sportsmole.co.uk/football/sweden/world-cup-2026/preview/sweden-vs-tunisia-prediction-team-news-lineups_599031.html"
2026-06-15,10:00,Sweden vs Tunisia,Tunisia,,0.97,1.00,1.00,0.97,1.00,0.97,28,9900,"Monterrey forecast high near 28C, with Tunisia more heat-adapted. RotoWire describes Tunisia as organized and low-event; Hannibal is a game-time decision but projected to start.","weather:Monterrey 2026-06-14 forecast; preview:https://www.rotowire.com/soccer/article/sweden-vs-tunisia-preview-predicted-lineups-team-news-tactical-analysis-2026-world-cup-group-f-117963; secondary:https://www.sportsmole.co.uk/football/sweden/world-cup-2026/preview/sweden-vs-tunisia-prediction-team-news-lineups_599031.html"
2026-06-16,01:00,Spain vs Cape Verde,Spain,,0.98,0.99,1.00,0.98,1.00,0.99,28,7000,"Atlanta forecast high near 28C. Spain are heavy favorites with strong Barcelona-linked cohesion, but Lamine Yamal and Nico Williams are expected to be managed from the bench, so attack is only slightly reduced.","weather:Atlanta 2026-06-15 forecast; preview:https://www.rotowire.com/soccer/article/spain-vs-cape-verde-preview-predicted-lineups-team-news-tactical-analysis-2026-world-cup-group-h-118092; secondary:https://www.sportsmole.co.uk/football/spain/world-cup-2026/preview/spain-vs-cape-verde-prediction-team-news-lineups_599107.html; team_news:https://www.barcablaugranes.com/world-cup-2026/123471/spain-cape-verde-world-cup-2026-team-news-match-preview-lineups-prediction"
2026-06-16,01:00,Spain vs Cape Verde,Cape Verde,,0.98,1.01,1.00,1.00,1.00,0.99,28,6500,"Atlanta forecast high near 28C. Cape Verde are more heat-adapted and have no major injury signal, but they are World Cup debutants facing a large quality gap.","weather:Atlanta 2026-06-15 forecast; preview:https://www.rotowire.com/soccer/article/spain-vs-cape-verde-preview-predicted-lineups-team-news-tactical-analysis-2026-world-cup-group-h-118092; secondary:https://www.sportsmole.co.uk/football/spain/world-cup-2026/preview/spain-vs-cape-verde-prediction-team-news-lineups_599107.html"
2026-06-16,06:00,Belgium vs Egypt,Belgium,,0.97,1.00,1.00,1.00,1.00,1.00,26,7900,"Seattle forecast high near 26C, below heat threshold. Belgium remain group favorites; no strong new injury signal found in fixed preview sources.","weather:Seattle 2026-06-15 forecast; preview:https://www.rotowire.com/soccer/article/belgium-vs-egypt-preview-predicted-lineups-team-news-tactical-analysis-2026-world-cup-group-g-118093; secondary:https://www.sportsmole.co.uk/football/belgium/world-cup-2026/preview/belgium-vs-egypt-prediction-team-news-lineups_599081.html"
2026-06-16,06:00,Belgium vs Egypt,Egypt,,0.97,1.00,1.00,0.94,1.00,1.00,26,11000,"Seattle forecast high near 26C. Egypt's attack is built around Salah and Marmoush, but Guardian reports Salah is carrying a hamstring issue, reducing attacking output.","weather:Seattle 2026-06-15 forecast; preview:https://www.rotowire.com/soccer/article/belgium-vs-egypt-preview-predicted-lineups-team-news-tactical-analysis-2026-world-cup-group-g-118093; secondary:https://www.sportsmole.co.uk/football/belgium/world-cup-2026/preview/belgium-vs-egypt-prediction-team-news-lineups_599081.html; injury:https://www.theguardian.com/football/2026/jun/14/mohamed-salah-has-eyes-of-a-nation-on-him-as-egypt-look-to-end-92-year-wait"
2026-06-16,06:00,Saudi Arabia vs Uruguay,Saudi Arabia,,0.96,1.03,1.00,1.00,1.00,0.97,33,12300,"Miami Gardens forecast high near 33C. Saudi Arabia are heat-adapted, but the squad has long travel and limited preparation under a recently appointed coach.","weather:Miami Gardens 2026-06-15 forecast; preview:https://www.rotowire.com/soccer/article/2026-world-cup-group-h-preview-spain-uruguay-saudi-arabia-cape-verde-tactics-lineups-set-pieces-odds-109699; travel:https://www.theguardian.com/football/2026/jun/15/uruguay-delayed-by-plane-paperwork-as-world-cup-travel-challenges-continue"
2026-06-16,06:00,Saudi Arabia vs Uruguay,Uruguay,,0.94,0.96,1.00,0.92,1.08,0.94,33,7200,"Miami Gardens forecast high near 33C. Guardian reports Uruguay had major travel disruption before kickoff, and Sports Mole lists multiple defensive/creative injury concerns, so Uruguay's attack and tempo are reduced while Saudi scoring chance is raised.","weather:Miami Gardens 2026-06-15 forecast; travel:https://www.theguardian.com/football/2026/jun/15/uruguay-delayed-by-plane-paperwork-as-world-cup-travel-challenges-continue; injury:https://www.sportsmole.co.uk/football/saudi-arabia/world-cup-2026/predicted-lineups/injury-concerns-for-bielsa-how-uruguay-could-line-up-vs-saudi-arabia_599117.html"
2026-06-16,12:00,Iran vs New Zealand,Iran,,0.98,1.00,1.00,1.00,1.00,1.00,23,12100,"Inglewood forecast high near 23C, no heat penalty. Iran relocated preparation to Mexico but no strong match-specific injury signal was found; this is treated as neutral after a small travel discount.","weather:Inglewood 2026-06-15 forecast; preview:https://www.rotowire.com/soccer/article/iran-vs-new-zealand-preview-predicted-lineups-team-news-tactical-analysis-2026-world-cup-group-g-118098; secondary:https://www.sportsmole.co.uk/football/iran/world-cup-2026/preview/iran-vs-new-zealand-prediction-team-news-lineups_599122.html; travel:https://timesofindia.indiatimes.com/sports/international-sports/iran-arrives-in-us-for-fifa-world-cup-match-against-new-zealand-following-landmark-peace-agreement/articleshow/131730768.cms"
2026-06-16,12:00,Iran vs New Zealand,New Zealand,,0.96,1.00,1.00,1.00,1.00,1.00,23,10500,"Inglewood forecast high near 23C, no heat penalty. New Zealand have long travel but no strong injury signal found in fixed preview sources.","weather:Inglewood 2026-06-15 forecast; preview:https://www.rotowire.com/soccer/article/iran-vs-new-zealand-preview-predicted-lineups-team-news-tactical-analysis-2026-world-cup-group-g-118098; secondary:https://www.sportsmole.co.uk/football/iran/world-cup-2026/preview/iran-vs-new-zealand-prediction-team-news-lineups_599122.html"
2026-06-17,03:00,France vs Senegal,France,,0.97,1.00,1.00,0.99,1.01,1.02,26,6200,"East Rutherford forecast high near 26C, no heat penalty. France are close to full strength, but Jules Kounde is carrying a muscular issue. Attack remains elite with Mbappe, Dembele, Doue and Olise projected.","weather:East Rutherford 2026-06-16 forecast; preview:https://www.rotowire.com/soccer/article/france-vs-senegal-preview-predicted-lineups-team-news-tactical-analysis-2026-world-cup-group-i-118219; betting:https://www.rotowire.com/soccer/article/france-vs-senegal-picks-tips-odds-best-bets-2026-world-cup-group-i-118355; secondary:https://www.racingpost.com/sport/football-tips/world-cup-2026/france-vs-senegal-betting-tips-predictions-team-news-odds-bet-builder-awjzq9i1ar35/"
2026-06-17,03:00,France vs Senegal,Senegal,,0.97,1.01,1.00,0.98,1.03,1.02,26,7600,"East Rutherford forecast high near 26C, no heat penalty. Senegal are organized and athletic, with Mane and Jackson giving real transition threat; Koulibaly and several attackers have minor fitness notes, raising France scoring risk slightly.","weather:East Rutherford 2026-06-16 forecast; preview:https://www.rotowire.com/soccer/article/france-vs-senegal-preview-predicted-lineups-team-news-tactical-analysis-2026-world-cup-group-i-118219; betting:https://www.rotowire.com/soccer/article/france-vs-senegal-picks-tips-odds-best-bets-2026-world-cup-group-i-118355; secondary:https://www.racingpost.com/sport/football-tips/world-cup-2026/france-vs-senegal-betting-tips-predictions-team-news-odds-bet-builder-awjzq9i1ar35/"
2026-06-17,06:00,Iraq vs Norway,Iraq,,0.96,1.00,1.00,1.00,1.00,0.96,26,9600,"Foxborough forecast high near 26C, no heat penalty. Iraq have no major injury signal and are expected to defend compactly in a 4-4-2, with counters and set pieces as the realistic scoring route.","weather:Foxborough 2026-06-16 forecast; preview:https://www.rotowire.com/soccer/article/iraq-vs-norway-preview-predicted-lineups-team-news-tactical-analysis-2026-world-cup-group-i-118221; secondary:https://www.racingpost.com/sport/football-tips/world-cup-2026/iraq-vs-norway-betting-tips-predictions-team-news-odds-bet-builder-aaXwW1a7805C/; data:https://www.sportsmole.co.uk/football/world-cup/iraq-vs-norway_game_248739.html"
2026-06-17,06:00,Iraq vs Norway,Norway,,0.97,0.99,1.03,1.00,1.00,0.98,26,9200,"Foxborough forecast high near 26C, no heat penalty. Norway have no major injury signal; Haaland, Odegaard, Nusa and Sorloth are projected to start, but the matchup is against a deep block rather than an open game.","weather:Foxborough 2026-06-16 forecast; preview:https://www.rotowire.com/soccer/article/iraq-vs-norway-preview-predicted-lineups-team-news-tactical-analysis-2026-world-cup-group-i-118221; guardian:https://www.theguardian.com/football/2026/jun/15/erling-haaland-norway-world-cup-debut; secondary:https://www.sportsmole.co.uk/football/norway/world-cup-2026/predicted-lineups/who-supports-haaland-predicted-norway-xi-vs-iraq_599210.html"
2026-06-17,09:00,Argentina vs Algeria,Argentina,,0.97,1.00,1.00,0.98,1.00,0.94,28,8500,"Kansas City forecast high near 28C with morning thunderstorm risk, but kickoff is later. Messi, Martinez and Molina are projected to play, though Messi has a hamstring note and Tagliafico/Nico Gonzalez remain doubts, so attack is not pushed upward.","weather:Kansas City 2026-06-16 forecast; preview:https://www.rotowire.com/soccer/article/argentina-vs-algeria-preview-predicted-lineups-team-news-tactical-analysis-2026-world-cup-group-j-118222; secondary:https://www.racingpost.com/sport/football-tips/world-cup-2026/argentina-vs-algeria-betting-tips-predictions-team-news-odds-bet-builder-akzia3G1tqGe/"
2026-06-17,09:00,Argentina vs Algeria,Algeria,,0.97,1.01,1.00,0.98,1.05,0.94,28,8300,"Kansas City forecast high near 28C with morning thunderstorm risk, but kickoff is later. Algeria carry transition threat through Mahrez, Gouiri and Amoura, while Bensebaini is a major doubt, raising Argentina scoring risk.","weather:Kansas City 2026-06-16 forecast; preview:https://www.rotowire.com/soccer/article/argentina-vs-algeria-preview-predicted-lineups-team-news-tactical-analysis-2026-world-cup-group-j-118222; secondary:https://www.racingpost.com/sport/football-tips/world-cup-2026/argentina-vs-algeria-betting-tips-predictions-team-news-odds-bet-builder-akzia3G1tqGe/"
2026-06-17,12:00,Austria vs Jordan,Austria,,0.97,1.00,1.00,0.96,1.02,1.00,28,9600,"Santa Clara forecast high near 28C but evening kickoff is expected to be cool. Austria are organized and pressing under Rangnick, but Baumgartner is out and Alaba/Wimmer/Grillitsch have injury concerns.","weather:Santa Clara 2026-06-16 forecast; local_weather:https://www.sfchronicle.com/sports/article/austria-jordan-meet-lights-levi-s-stadium-22305810.php; preview:https://www.rotowire.com/soccer/article/austria-vs-jordan-preview-predicted-lineups-team-news-tactical-analysis-2026-world-cup-group-j-118225; secondary:https://www.sportsmole.co.uk/football/austria/world-cup-2026/preview/austria-vs-jordan-prediction-team-news-lineups_599171.html"
2026-06-17,12:00,Austria vs Jordan,Jordan,,0.97,1.01,1.00,1.00,1.00,1.00,28,11800,"Santa Clara evening kickoff should be cool. Jordan have no major injury signal in RotoWire and are expected to use a compact 3-4-3, with Musa Al-Taamari as the main transition outlet.","weather:Santa Clara 2026-06-16 forecast; local_weather:https://www.sfchronicle.com/sports/article/austria-jordan-meet-lights-levi-s-stadium-22305810.php; preview:https://www.rotowire.com/soccer/article/austria-vs-jordan-preview-predicted-lineups-team-news-tactical-analysis-2026-world-cup-group-j-118225; secondary:https://www.sportsmole.co.uk/football/austria/world-cup-2026/preview/austria-vs-jordan-prediction-team-news-lineups_599171.html"
2026-06-19,00:00,Czechia vs South Africa,Czechia,,0.98,1.00,1.02,1.00,1.00,0.94,28,7800,"Atlanta venue is climate controlled; outside storms do not create heat penalty. Czechia need a result after losing the opener and retain set-piece/Schick threat, but the market leans under 2.5.","weather:Atlanta 2026-06-18 forecast; preview:https://www.rotowire.com/soccer/article/czechia-vs-south-africa-preview-predicted-lineups-team-news-tactical-analysis-2026-world-cup-group-a-118513; odds:https://www.sportsgambler.com/betting-tips/football/czech-republic-vs-south-africa-prediction-lineups-odds-2026-06-18/; market:https://vsin.com/soccer/czechia-vs-south-africa-prediction-2026-fifa-world-cup-preview-and-pick/"
2026-06-19,00:00,Czechia vs South Africa,South Africa,,0.97,1.00,1.00,0.90,1.06,0.94,28,13200,"Atlanta venue is climate controlled. South Africa are missing Sphephelo Sithole and Themba Zwane through suspension after the Mexico match, weakening ball progression and raising Czechia scoring risk.","weather:Atlanta 2026-06-18 forecast; preview:https://www.rotowire.com/soccer/article/czechia-vs-south-africa-preview-predicted-lineups-team-news-tactical-analysis-2026-world-cup-group-a-118513; odds:https://www.sportsgambler.com/betting-tips/football/czech-republic-vs-south-africa-prediction-lineups-odds-2026-06-18/; market:https://vsin.com/soccer/czechia-vs-south-africa-prediction-2026-fifa-world-cup-preview-and-pick/"
2026-06-19,03:00,Switzerland vs Bosnia and Herzegovina,Switzerland,,0.98,1.00,1.00,1.00,1.02,1.06,21,9600,"Inglewood forecast is cool and dry. Switzerland created strong chances against Qatar and have no reported injuries; market/media lean Switzerland and over 2.5.","weather:Inglewood 2026-06-18 forecast; betting:https://www.covers.com/world-cup/switzerland-vs-bosnia-prediction-picks-odds-thursday-6-18-2026; preview:https://africa.espn.com/football/story/_/id/49079683/fifa-world-cup-2026-switzerland-vs-bosnia-herzegovina-tv-channel-how-watch-kick-live-stream-referee-predicted-line-ups"
2026-06-19,03:00,Switzerland vs Bosnia and Herzegovina,Bosnia and Herzegovina,,0.97,1.00,1.00,0.94,1.03,1.06,21,10100,"Inglewood forecast is cool and dry. Bosnia have direct 4-4-2 threat but Dzeko, Sunjic and Tabakovic are listed as doubts/out in betting previews, slightly reducing finishing reliability.","weather:Inglewood 2026-06-18 forecast; betting:https://www.covers.com/world-cup/switzerland-vs-bosnia-prediction-picks-odds-thursday-6-18-2026; preview:https://africa.espn.com/football/story/_/id/49079683/fifa-world-cup-2026-switzerland-vs-bosnia-herzegovina-tv-channel-how-watch-kick-live-stream-referee-predicted-line-ups"
2026-06-19,06:00,Canada vs Qatar,Canada,1.04,1.00,1.00,1.00,1.02,1.02,1.00,20,3400,"Vancouver is cool and Canada have home crowd advantage. Davies has trained and is available, with David/Larin/Buchanan expected to drive a proactive attack.","weather:Vancouver 2026-06-18 forecast; team_news:https://www.theguardian.com/football/2026/jun/17/canada-qatar-world-cup-team-news-alphonso-davies; preview:https://www.rotowire.com/soccer/article/canada-vs-qatar-preview-predicted-lineups-team-news-tactical-analysis-2026-world-cup-group-b-118506; odds:https://www.sportsgambler.com/betting-tips/football/canada-vs-qatar-prediction-lineups-odds-2026-06-18/"
2026-06-19,06:00,Canada vs Qatar,Qatar,,0.97,1.00,1.00,1.00,1.00,0.96,20,11700,"Vancouver is cool. Qatar are organized and can counter through Akram Afif, but market prices Canada as a heavy favorite and BTTS No is favored.","weather:Vancouver 2026-06-18 forecast; team_news:https://www.theguardian.com/football/2026/jun/17/canada-qatar-world-cup-team-news-alphonso-davies; preview:https://www.rotowire.com/soccer/article/canada-vs-qatar-preview-predicted-lineups-team-news-tactical-analysis-2026-world-cup-group-b-118506; odds:https://www.sportsgambler.com/betting-tips/football/canada-vs-qatar-prediction-lineups-odds-2026-06-18/"
2026-06-19,11:00,Mexico vs South Korea,Mexico,1.04,1.00,1.00,1.00,0.97,1.06,0.96,28,0,"Zapopan kickoff weather is mild. Mexico have crowd and altitude edge, but Cesar Montes is suspended and external previews repeatedly flag this as close, with draw/under signals.","weather:Zapopan 2026-06-18 forecast; preview:https://www.rotowire.com/soccer/article/mexico-vs-south-korea-preview-predicted-lineups-team-news-tactical-analysis-2026-world-cup-group-a-118510; odds:https://www.covers.com/world-cup/mexico-vs-south-korea-prediction-picks-odds-thursday-6-18-2026; report:https://www.theguardian.com/football/2026/jun/18/ceremony-to-celebration-mexico-south-korea-world-cup"
2026-06-19,11:00,Mexico vs South Korea,South Korea,,1.00,1.00,1.00,0.98,1.00,0.96,28,11100,"Zapopan kickoff weather is mild. South Korea prepared at altitude in Salt Lake City and carry counterattacking threat through Son/Lee, while two squad players remain doubtful.","weather:Zapopan 2026-06-18 forecast; preview:https://www.rotowire.com/soccer/article/mexico-vs-south-korea-preview-predicted-lineups-team-news-tactical-analysis-2026-world-cup-group-a-118510; odds:https://www.covers.com/world-cup/mexico-vs-south-korea-prediction-picks-odds-thursday-6-18-2026; report:https://www.theguardian.com/football/2026/jun/18/ceremony-to-celebration-mexico-south-korea-world-cup"
2026-06-20,03:00,United States vs Australia,United States,1.04,1.00,1.00,1.00,0.96,1.04,1.04,26,0,"Seattle weather is mild. USA are at home and coming off a 4-1 opener, but Pulisic is a real doubt to start, reducing left-side creation. High press still creates early-goal potential.","weather:Seattle 2026-06-19 forecast; preview:https://www.rotowire.com/soccer/article/usa-vs-australia-preview-predicted-lineups-team-news-tactical-analysis-2026-world-cup-group-d-118651; analysis:https://www.sbnation.com/soccer/1118707/usa-vs-australia-world-cup-preview-analysis-and-tactics; news:https://nypost.com/2026/06/19/sports/usmnt-must-clear-a-new-bar-as-australia-awaits-in-world-cup/"
2026-06-20,03:00,United States vs Australia,Australia,,0.97,1.00,1.00,1.00,1.04,1.04,26,12500,"Seattle weather is mild. Australia are organized after beating Turkey and carry counter threat through Irankunda/Toure against the USA high line.","weather:Seattle 2026-06-19 forecast; preview:https://www.rotowire.com/soccer/article/usa-vs-australia-preview-predicted-lineups-team-news-tactical-analysis-2026-world-cup-group-d-118651; analysis:https://www.sbnation.com/soccer/1118707/usa-vs-australia-world-cup-preview-analysis-and-tactics; feature:https://www.theguardian.com/football/2026/jun/19/australia-v-usa-socceroos-usmnt-confected-hostility-2026-world-cup"
2026-06-20,06:00,Scotland vs Morocco,Scotland,,0.97,1.00,1.02,1.00,1.02,0.96,27,5100,"Foxborough is mild. Scotland have no major injury signal and are expected to defend deeper; a point may be valuable after opening with a win, with set pieces and McTominay runs as the main route.","weather:Foxborough 2026-06-19 forecast; preview:https://www.rotowire.com/soccer/article/scotland-vs-morocco-preview-predicted-lineups-team-news-tactical-analysis-2026-world-cup-group-c-118659; report:https://www.theguardian.com/football/2026/jun/18/clarke-warns-scotland-morocco-real-deal-world-cup; secondary:https://www.sportsmole.co.uk/football/scotland/world-cup-2026/preview/scotland-vs-morocco-prediction-team-news-lineups_599454.html"
2026-06-20,06:00,Scotland vs Morocco,Morocco,,0.98,1.00,1.00,1.00,1.00,0.98,27,6100,"Foxborough is mild. Morocco have no major injury signal, impressed against Brazil and should control possession, but Scotland's compact setup raises draw risk.","weather:Foxborough 2026-06-19 forecast; preview:https://www.rotowire.com/soccer/article/scotland-vs-morocco-preview-predicted-lineups-team-news-tactical-analysis-2026-world-cup-group-c-118659; report:https://www.theguardian.com/football/2026/jun/18/clarke-warns-scotland-morocco-real-deal-world-cup; secondary:https://www.sportsmole.co.uk/football/scotland/world-cup-2026/preview/scotland-vs-morocco-prediction-team-news-lineups_599454.html"
2026-06-20,09:00,Brazil vs Haiti,Brazil,,0.98,1.01,1.00,0.98,1.02,1.02,29,7700,"Philadelphia evening should be pleasant. Brazil need a response after the Morocco draw; Neymar is unlikely to start, but Vinicius/Raphinha/Cunha remain enough to create a large mismatch.","weather:Philadelphia 2026-06-19 forecast; preview:https://www.rotowire.com/soccer/article/brazil-vs-haiti-preview-predicted-lineups-team-news-tactical-analysis-2026-world-cup-group-c-118660; lineup:https://www.espn.com/soccer/story/_/id/49097937/brazil-haiti-fifa-world-cup-2026-tv-channel-how-watch-kick-live-stream-referee-predicted-line-ups; odds:https://www.lineups.com/betting/brazil-vs-haiti-world-cup-match-preview-picks-odds-for-friday-june-19-2026/"
2026-06-20,09:00,Brazil vs Haiti,Haiti,,0.97,1.00,1.00,1.00,1.00,0.98,29,2600,"Philadelphia evening should be pleasant. Haiti have no major injury signal but are expected to defend deep for damage limitation; rare outlets come through Bellegarde and Isidor.","weather:Philadelphia 2026-06-19 forecast; preview:https://www.rotowire.com/soccer/article/brazil-vs-haiti-preview-predicted-lineups-team-news-tactical-analysis-2026-world-cup-group-c-118660; lineup:https://www.espn.com/soccer/story/_/id/49097937/brazil-haiti-fifa-world-cup-2026-tv-channel-how-watch-kick-live-stream-referee-predicted-line-ups; odds:https://www.lineups.com/betting/brazil-vs-haiti-world-cup-match-preview-picks-odds-for-friday-june-19-2026/"
2026-06-20,12:00,Turkey vs Paraguay,Turkey,,0.97,1.00,1.00,1.02,1.02,1.02,25,9700,"Santa Clara evening is pleasant. Turkey need a win after losing to Australia; Calhanoglu, Yildiz and Kadioglu are projected to start, and no key injuries are reported.","weather:Santa Clara 2026-06-19 forecast; preview:https://www.rotowire.com/soccer/article/turkey-vs-paraguay-preview-predicted-lineups-team-news-tactical-analysis-2026-world-cup-group-d-118661; odds:https://www.covers.com/world-cup/turkey-vs-paraguay-prediction-picks-odds-friday-6-19-2026; report:https://www.sfchronicle.com/sports/article/rising-stars-high-stakes-turkey-vs-paraguay-22311345.php"
2026-06-20,12:00,Turkey vs Paraguay,Paraguay,,0.97,1.00,1.00,1.00,1.04,1.02,25,8600,"Santa Clara evening is pleasant. Paraguay also need a result; Enciso is fit and projected to start, with counter and set-piece threat, while one forward remains on the injury table.","weather:Santa Clara 2026-06-19 forecast; preview:https://www.rotowire.com/soccer/article/turkey-vs-paraguay-preview-predicted-lineups-team-news-tactical-analysis-2026-world-cup-group-d-118661; odds:https://www.covers.com/world-cup/turkey-vs-paraguay-prediction-picks-odds-friday-6-19-2026; report:https://www.sfchronicle.com/sports/article/rising-stars-high-stakes-turkey-vs-paraguay-22311345.php"
2026-06-21,01:00,Netherlands vs Sweden,Netherlands,,0.97,0.96,1.00,1.00,1.08,0.94,33,7800,"Houston midday heat and storm risk can slow tempo. Netherlands drew Japan 2-2 and need control, but Sweden's 5-1 opener and direct front line raise counter and set-piece concession risk.","weather:Houston 2026-06-20 forecast; preview:https://www.rotowire.com/soccer/article/netherlands-vs-sweden-preview-predicted-lineups-team-news-tactical-analysis-2026-world-cup-group-f-118797; lineup:https://www.espn.com/soccer/story/_/id/49105032/netherlands-vs-sweden-fifa-world-cup-2026-tv-channel-how-watch-kick-live-stream-injury-predicted-line-ups"
2026-06-21,01:00,Netherlands vs Sweden,Sweden,,0.97,0.95,1.00,1.00,1.02,0.94,33,8400,"Houston midday heat and humidity are a negative for both northern teams. Sweden enter on three points, so a draw is valuable, but Isak/Kulusevski direct attacks keep a live scoring route.","weather:Houston 2026-06-20 forecast; preview:https://www.rotowire.com/soccer/article/netherlands-vs-sweden-preview-predicted-lineups-team-news-tactical-analysis-2026-world-cup-group-f-118797; lineup:https://www.espn.com/soccer/story/_/id/49105032/netherlands-vs-sweden-fifa-world-cup-2026-tv-channel-how-watch-kick-live-stream-injury-predicted-line-ups"
2026-06-21,04:00,Germany vs Ivory Coast,Germany,,0.98,1.00,1.00,1.00,1.08,1.06,24,6600,"Toronto weather is mild. Germany's 7-1 opener supports high attacking form, but Ivory Coast are stronger than Curaçao and carry transition pace, so do not treat this as a pure shutout mismatch.","weather:Toronto 2026-06-20 forecast; preview:https://www.rotowire.com/soccer/article/germany-vs-ivory-coast-preview-predicted-lineups-team-news-tactical-analysis-2026-world-cup-group-e-118798"
2026-06-21,04:00,Germany vs Ivory Coast,Ivory Coast,,0.97,1.00,1.00,1.00,1.06,1.06,24,8200,"Toronto weather is mild. Ivory Coast already beat Ecuador, so a draw is useful, but their pace and physical front line give them a better scoring path than a normal low block underdog.","weather:Toronto 2026-06-20 forecast; preview:https://www.rotowire.com/soccer/article/germany-vs-ivory-coast-preview-predicted-lineups-team-news-tactical-analysis-2026-world-cup-group-e-118798"
2026-06-21,08:00,Ecuador vs Curaçao,Ecuador,,0.97,1.00,1.00,1.00,1.02,0.98,29,4200,"Kansas City evening is warm but not extreme. Ecuador lost the opener and need a win, but their first match stayed low scoring; expect pressure without assuming a blowout.","weather:Kansas City 2026-06-20 forecast; preview:https://www.rotowire.com/soccer/article/ecuador-vs-curacao-preview-predicted-lineups-team-news-tactical-analysis-2026-world-cup-group-e-118799"
2026-06-21,08:00,Ecuador vs Curaçao,Curaçao,,0.98,1.01,1.00,1.00,1.04,0.98,29,3200,"Kansas City weather is familiar enough for Curaçao. The 7-1 loss to Germany exposed defensive risk, but against Ecuador the route is a compact block plus counters rather than open trading.","weather:Kansas City 2026-06-20 forecast; preview:https://www.rotowire.com/soccer/article/ecuador-vs-curacao-preview-predicted-lineups-team-news-tactical-analysis-2026-world-cup-group-e-118799"
2026-06-21,12:00,Tunisia vs Japan,Tunisia,,0.97,1.01,1.00,1.00,1.06,1.04,27,10500,"Guadalupe/Monterrey late kickoff is warm but manageable. Tunisia conceded five to Sweden, so defensive confidence is a concern, while their heat adaptation and need for points keep counter risk alive.","weather:Monterrey 2026-06-20 forecast; preview:https://www.rotowire.com/soccer/article/tunisia-vs-japan-preview-predicted-lineups-team-news-tactical-analysis-2026-world-cup-group-f-118802"
2026-06-21,12:00,Tunisia vs Japan,Japan,,0.97,1.00,1.00,1.00,1.06,1.04,27,10600,"Japan drew Netherlands 2-2 and showed transition quality. A point is still useful, but Tunisia's defensive collapse makes Japan's attacking edge more credible than a pure low-event draw profile.","weather:Monterrey 2026-06-20 forecast; preview:https://www.rotowire.com/soccer/article/tunisia-vs-japan-preview-predicted-lineups-team-news-tactical-analysis-2026-world-cup-group-f-118802"
2026-06-22,00:00,Spain vs Saudi Arabia,Spain,,0.97,1.00,1.00,0.98,1.00,0.98,25,7200,"Opta still makes Spain a clear favorite, but the Cape Verde match showed a low-block conversion issue and Saudi Arabia can accept a draw after the opening win. Slightly reduce Spain attack/tempo rather than changing the win reference.","opta:https://theanalyst.com/articles/spain-vs-saudi-arabia-prediction-world-cup-2026-match-preview; weather:Atlanta 2026-06-21 forecast"
2026-06-22,00:00,Spain vs Saudi Arabia,Saudi Arabia,,0.96,1.00,1.00,1.00,1.04,0.98,25,12300,"Saudi Arabia are heat-adapted and likely to defend compactly. Their realistic route is set pieces, counters and a low-event draw attempt, not open trading.","opta:https://theanalyst.com/articles/spain-vs-saudi-arabia-prediction-world-cup-2026-match-preview; weather:Atlanta 2026-06-21 forecast"
2026-06-22,03:00,Belgium vs Iran,Belgium,,0.97,1.00,1.00,1.00,1.02,1.02,24,7900,"Belgium remain the better side, but Iran's 2-2 opener with New Zealand means the base gap should not imply a clean shutout. Keep moderate tempo and small opponent-scoring risk.","weather:Seattle 2026-06-21 forecast; fixed-source-search:Opta/preview scan 2026-06-21"
2026-06-22,03:00,Belgium vs Iran,Iran,,0.98,1.00,1.00,0.98,1.04,1.02,24,12100,"Iran have political/preparation drag, but their opener showed set-piece/direct attacking life. Slight injury/preparation discount remains, while opponent scoring risk is raised.","weather:Seattle 2026-06-21 forecast; fixed-source-search:Opta/preview scan 2026-06-21"
2026-06-22,06:00,Uruguay vs Cape Verde,Uruguay,,0.97,0.98,1.00,0.98,1.02,0.99,31,7200,"Opta makes Uruguay clear favorites, but the Saudi Arabia match and Cape Verde's low block argue against a simple blowout. Uruguay still need a win path, so reduce tempo only slightly.","opta:https://theanalyst.com/articles/uruguay-vs-cape-verde-prediction-world-cup-2026-match-preview; weather:Miami Gardens 2026-06-21 forecast"
2026-06-22,06:00,Uruguay vs Cape Verde,Cape Verde,,0.98,1.01,1.00,1.00,1.04,0.99,31,6500,"Cape Verde already showed they can sit deep and frustrate a stronger side. Their scoring route is counter/set piece, so keep underdog-goal risk without turning the match into a pure 0-0 profile.","opta:https://theanalyst.com/articles/uruguay-vs-cape-verde-prediction-world-cup-2026-match-preview; weather:Miami Gardens 2026-06-21 forecast"
2026-06-22,09:00,New Zealand vs Egypt,New Zealand,,0.96,1.00,1.00,1.02,1.06,1.04,23,10500,"New Zealand were underrated in the opener and created enough against Iran to avoid treating them as a zero-goal side. Long travel remains a small negative.","weather:Vancouver 2026-06-21 forecast; fixed-source-search:Opta/preview scan 2026-06-21"
2026-06-22,09:00,New Zealand vs Egypt,Egypt,,0.97,1.00,1.00,1.00,1.02,1.04,23,11000,"Egypt need points after losing to Belgium, so draw acceptance is lower. Keep Egypt favorite but use a more open profile because New Zealand's counter/direct attack is live.","weather:Vancouver 2026-06-21 forecast; fixed-source-search:Opta/preview scan 2026-06-21"
2026-06-24,01:00,Portugal vs Uzbekistan,Portugal,,0.97,0.98,1.00,1.02,1.00,0.94,34,7700,"Houston is hot and humid. Portugal are heavy favorites and Ruben Dias is projected back, but external previews flag a controlled game against Uzbekistan's deep block rather than a rout.","weather:Houston 2026-06-24 forecast; preview:https://www.rotowire.com/soccer/article/portugal-vs-uzbekistan-preview-predicted-lineups-team-news-tactical-analysis-2026-world-cup-group-k-119186; betting:https://www.rotowire.com/soccer/article/2026-world-cup-best-bets-today-7-picks-for-tuesday-june-23-119336"
2026-06-24,01:00,Portugal vs Uzbekistan,Uzbekistan,,0.96,0.99,1.00,0.97,1.00,0.94,34,11900,"Houston is hot and humid. Uzbekistan are expected to defend deep in a 3-4-2-1, with Fayzullaev and Shomurodov as counter outlets; Ashurmatov is a game-time decision.","weather:Houston 2026-06-24 forecast; preview:https://www.rotowire.com/soccer/article/portugal-vs-uzbekistan-preview-predicted-lineups-team-news-tactical-analysis-2026-world-cup-group-k-119186; injury:https://www.rotowire.com/soccer/headlines/rustamjon-ashurmatov-news-appears-ready-for-portugal-520535"
2026-06-24,04:00,England vs Ghana,England,,0.97,1.00,1.00,1.00,1.02,1.04,28,5200,"Foxborough is mild. England are heavy favorites, Kane is central after a brace, and external betting leans England team over 2.5, but Croatia scored twice against this defense.","weather:Foxborough 2026-06-24 forecast; preview:https://www.rotowire.com/soccer/article/england-vs-ghana-preview-predicted-lineups-team-news-tactical-analysis-2026-world-cup-group-l-119187; betting:https://www.rotowire.com/soccer/article/2026-world-cup-best-bets-today-7-picks-for-tuesday-june-23-119336"
2026-06-24,04:00,England vs Ghana,Ghana,,0.97,1.00,1.00,1.02,1.04,1.04,28,8500,"Foxborough is mild. Ghana are compact and Partey is available, but starting goalkeeper Ati-Zigi is unlikely and England's attacking quality creates a high favorite-scoring risk.","weather:Foxborough 2026-06-24 forecast; preview:https://www.rotowire.com/soccer/article/england-vs-ghana-preview-predicted-lineups-team-news-tactical-analysis-2026-world-cup-group-l-119187; player_news:https://www.rotowire.com/soccer/headlines/thomas-partey-news-granted-us-visa-available-to-play-520493"
2026-06-24,07:00,Panama vs Croatia,Panama,,0.97,1.00,1.00,0.96,1.06,1.06,24,3800,"Toronto is mild. Panama cannot afford a passive game and carry counter/set-piece threat, but Carrasquilla is out and Croatia should control midfield.","weather:Toronto 2026-06-24 forecast; preview:https://www.rotowire.com/soccer/article/panama-vs-croatia-preview-predicted-lineups-team-news-tactical-analysis-2026-world-cup-group-l-119188; betting:https://www.rotowire.com/soccer/article/2026-world-cup-best-bets-today-7-picks-for-tuesday-june-23-119336"
2026-06-24,07:00,Panama vs Croatia,Croatia,,0.97,1.00,1.00,1.00,1.04,1.06,24,7200,"Toronto is mild. Croatia need a win after conceding four to England; Modric/Kovacic control and Petar Musa focal point support Croatia goals, but defensive leak keeps Panama scoring live.","weather:Toronto 2026-06-24 forecast; preview:https://www.rotowire.com/soccer/article/panama-vs-croatia-preview-predicted-lineups-team-news-tactical-analysis-2026-world-cup-group-l-119188; betting:https://www.rotowire.com/soccer/article/2026-world-cup-best-bets-today-7-picks-for-tuesday-june-23-119336"
2026-06-24,10:00,Colombia vs DR Congo,Colombia,,0.98,1.01,1.00,1.00,1.04,1.04,29,3600,"Zapopan is warm with thunderstorm risk. Colombia have no injury signal and keep James/Luis Diaz/Luis Suarez, but DR Congo's compact 3-5-2 and counter threat make a clean shutout less likely.","weather:Zapopan 2026-06-24 forecast; preview:https://www.rotowire.com/soccer/article/colombia-vs-dr-congo-preview-predicted-lineups-team-news-tactical-analysis-2026-world-cup-group-k-119191; betting:https://www.rotowire.com/soccer/article/2026-world-cup-best-bets-today-7-picks-for-tuesday-june-23-119336"
2026-06-24,10:00,Colombia vs DR Congo,DR Congo,,0.96,0.98,1.00,1.00,1.06,1.04,29,12600,"Zapopan is warm with thunderstorm risk. DR Congo have no injury signal and the Wissa/Bakambu counter route is credible after the Portugal draw, so preserve both-teams-to-score risk.","weather:Zapopan 2026-06-24 forecast; preview:https://www.rotowire.com/soccer/article/colombia-vs-dr-congo-preview-predicted-lineups-team-news-tactical-analysis-2026-world-cup-group-k-119191; betting:https://www.rotowire.com/soccer/article/2026-world-cup-best-bets-today-7-picks-for-tuesday-june-23-119336"
2026-06-25,03:00,Switzerland vs Canada,Switzerland,,0.97,1.00,1.00,1.00,1.02,0.96,23,8300,"Vancouver is mild. Both teams are on four points, so a draw is valuable. FourFourTwo/preview consensus frames this as a top-spot match rather than a chase game; Switzerland remain organized but do not need to overextend.","weather:Vancouver 2026-06-24 forecast; preview:https://www.fourfourtwo.com/competition/switzerland-vs-canada-prediction-can-world-cup-co-hosts-seal-top-spot-in-group-b; fixed-source-search:SI/RotoWire/Covers scan 2026-06-24"
2026-06-25,03:00,Switzerland vs Canada,Canada,,0.99,1.00,1.02,1.00,1.04,0.96,23,3600,"Vancouver is close to home conditions and Canada are unbeaten with strong goal difference. Davies/David attacking route is live, but four points make a controlled draw acceptable.","weather:Vancouver 2026-06-24 forecast; preview:https://www.fourfourtwo.com/competition/switzerland-vs-canada-prediction-can-world-cup-co-hosts-seal-top-spot-in-group-b; fixed-source-search:SI/RotoWire/Covers scan 2026-06-24"
2026-06-25,03:00,Bosnia and Herzegovina vs Qatar,Bosnia and Herzegovina,,0.97,1.00,1.00,1.00,1.02,0.98,22,8900,"Seattle is mild. Both sides need a win, but Bosnia's attack has been modest and Qatar's best path is compact defending plus counters. Keep Bosnia edge without forcing a high total.","weather:Seattle 2026-06-24 forecast; preview:https://www.si.com/soccer/bosnia-herzegovina-vs-qatar-world-cup-preview-predictions-lineups-6-24-26; fixed-source-search:betting preview scan 2026-06-24"
2026-06-25,03:00,Bosnia and Herzegovina vs Qatar,Qatar,,0.96,1.00,1.00,0.98,1.04,0.98,22,11800,"Seattle is mild. Qatar have conceded heavily but card-driven collapse should be treated as special; they still need points and have transition route, yet preparation/travel remains a drag.","weather:Seattle 2026-06-24 forecast; preview:https://www.si.com/soccer/bosnia-herzegovina-vs-qatar-world-cup-preview-predictions-lineups-6-24-26; fixed-source-search:betting preview scan 2026-06-24"
2026-06-25,06:00,Scotland vs Brazil,Scotland,,0.96,0.99,1.02,1.00,1.04,0.94,30,7100,"Miami Gardens is hot and humid, negative for Scotland's high-latitude profile. External betting still favors Brazil, but Scotland have shown low-event resistance and only need a point if Morocco-Haiti breaks their way.","weather:Miami Gardens 2026-06-24 forecast; betting:https://www.covers.com/world-cup/brazil-vs-scotland-prediction-picks-odds-wednesday-6-24-2026; fixed-source-search:SI/RotoWire preview scan 2026-06-24"
2026-06-25,06:00,Scotland vs Brazil,Brazil,,0.97,1.01,1.00,1.00,1.02,0.94,30,6500,"Miami Gardens heat is manageable for Brazil. Brazil are clear favorites and should have Neymar available in some role, but Scotland's compact profile makes a controlled Brazil win more likely than a wide-open rout.","weather:Miami Gardens 2026-06-24 forecast; betting:https://www.covers.com/world-cup/brazil-vs-scotland-prediction-picks-odds-wednesday-6-24-2026; fixed-source-search:SI/RotoWire preview scan 2026-06-24"
2026-06-25,06:00,Morocco vs Haiti,Morocco,,0.98,1.00,1.00,1.00,1.06,1.08,29,7000,"Atlanta is warm but not extreme. Morocco are stronger, need to secure qualification, and Haiti have struggled to create; keep a favorite mismatch with moderate high-score tail.","weather:Atlanta 2026-06-24 forecast; fixed-source-search:SI/RotoWire/Covers preview scan 2026-06-24"
2026-06-25,06:00,Morocco vs Haiti,Haiti,,0.98,1.00,1.00,1.00,1.06,1.08,29,2600,"Atlanta is warm and familiar enough, but Haiti are already under heavy pressure and have not shown enough attack. Their route is deep block and counters, not sustained possession.","weather:Atlanta 2026-06-24 forecast; fixed-source-search:SI/RotoWire/Covers preview scan 2026-06-24"
2026-06-25,09:00,Czechia vs Mexico,Czechia,,0.96,0.99,1.00,1.00,1.04,0.96,24,9500,"Mexico City altitude favors Mexico. Czechia need a win, but external previews note Mexico may rotate after six points and betting leans Mexico edge with under/controlled tempo rather than a rout.","weather:Mexico City 2026-06-24 forecast; preview:https://www.si.com/soccer/czechia-vs-mexico-world-cup-preview-predictions-lineups-6-24-26; betting:https://www.covers.com/world-cup/mexico-vs-czechia-prediction-picks-odds-wednesday-6-24-2026"
2026-06-25,09:00,Czechia vs Mexico,Mexico,,1.02,1.01,1.00,1.00,1.02,0.96,24,0,"Mexico City altitude and home adaptation are positive. Mexico have six points, so game management and possible rotation reduce urgency even though they remain favorites.","weather:Mexico City 2026-06-24 forecast; preview:https://www.si.com/soccer/czechia-vs-mexico-world-cup-preview-predictions-lineups-6-24-26; betting:https://www.covers.com/world-cup/mexico-vs-czechia-prediction-picks-odds-wednesday-6-24-2026"
2026-06-25,09:00,South Africa vs South Korea,South Africa,,0.97,1.00,1.00,1.00,1.04,1.02,29,15100,"Guadalupe/Monterrey is warm. South Africa need a win, so they cannot simply sit in. That raises transition and both-teams-to-score risk, but quality gap still favors South Korea.","weather:Monterrey 2026-06-24 forecast; fixed-source-search:SI/RotoWire/Covers preview scan 2026-06-24"
2026-06-25,09:00,South Africa vs South Korea,South Korea,,0.96,1.00,1.00,1.00,1.04,1.02,29,11300,"Guadalupe/Monterrey is warm. South Korea have Son as the main attacking hub and can qualify with a controlled result, but South Africa's must-win state keeps counter exposure alive.","weather:Monterrey 2026-06-24 forecast; fixed-source-search:SI/RotoWire/Covers preview scan 2026-06-24"
2026-06-26,04:00,Ecuador vs Germany,Ecuador,,0.98,1.00,,1.00,,0.97,26,,Ecuador have no major injury signal but must beat a much stronger side; preview sources describe a solid defence but very limited attack.,sportsmole:https://www.sportsmole.co.uk/football/germany/world-cup-2026/preview/ecuador-vs-germany-prediction-team-news-lineups_599880.html; squawka:https://www.squawka.com/us/news/world-cup/match-preview-ecuador-vs-germany-06-25-26-world-cup-2026/
2026-06-26,04:00,Ecuador vs Germany,Germany,,0.98,1.00,,0.97,1.03,0.97,26,,"Germany have already won the group and are expected to rotate; Schlotterbeck is out, but squad depth and Undav form keep the win path strong.",sportsmole:https://www.sportsmole.co.uk/football/germany/world-cup-2026/preview/ecuador-vs-germany-prediction-team-news-lineups_599880.html; bavarian:https://www.bavarianfootballworks.com/fifa-world-cup/220354/world-cup-matchday-preview-ecuador-vs-germany
2026-06-26,04:00,Curaçao vs Ivory Coast,Curaçao,,0.99,1.00,,0.97,,0.96,27,,"Curacao showed a deep-block route in the 0-0 with Ecuador, but Locadia has a knock and they still need an upset win to progress.",sportsmole:https://www.sportsmole.co.uk/football/curacao/world-cup-2026/preview/curacao-vs-ivory-coast-prediction-team-news-lineups_599885.html; data:https://www.sportsmole.co.uk/football/world-cup/curacao-vs-ivory-coast_game_248893.html
2026-06-26,04:00,Curaçao vs Ivory Coast,Ivory Coast,,0.99,1.00,,0.98,1.03,0.99,27,,"Ivory Coast can qualify with a draw and have a strong attacking edge; Singo is likely out while Ndicka has resumed training, creating mild defensive uncertainty.",sportsmole:https://www.sportsmole.co.uk/football/curacao/world-cup-2026/preview/curacao-vs-ivory-coast-prediction-team-news-lineups_599885.html; data:https://www.sportsmole.co.uk/football/world-cup/curacao-vs-ivory-coast_game_248893.html
2026-06-26,07:00,Japan vs Sweden,Japan,,0.97,1.00,,0.95,1.03,1.00,34,,"Japan are in form after beating Tunisia 4-0, but Endo is out, Kubo has a knee issue and Machino has illness, slightly reducing attacking certainty.",sportsmole:https://www.sportsmole.co.uk/football/japan/world-cup-2026/preview/japan-vs-sweden-prediction-team-news-lineups_599879.html; squawka:https://www.squawka.com/us/news/world-cup/match-preview-japan-vs-sweden-06-25-26-world-cup-2026/
2026-06-26,07:00,Japan vs Sweden,Sweden,,0.96,0.96,,1.02,1.04,1.01,34,,Sweden were exposed by Netherlands but still have the Isak-Gyokeres route and a draw is likely enough; Texas heat is a small negative.,sportsmole:https://www.sportsmole.co.uk/football/japan/world-cup-2026/preview/japan-vs-sweden-prediction-team-news-lineups_599879.html; squawka:https://www.squawka.com/us/news/world-cup/match-preview-japan-vs-sweden-06-25-26-world-cup-2026/
2026-06-26,07:00,Tunisia vs Netherlands,Tunisia,,0.98,1.00,,0.92,1.08,0.94,28,,Tunisia are eliminated after two heavy defeats and failed to register attacking threat against Japan; no injury excuse offsets the poor state.,sportsmole:https://www.sportsmole.co.uk/football/tunisia/world-cup-2026/preview/tunisia-vs-netherlands-prediction-team-news-lineups_599913.html; squawka:https://www.squawka.com/us/news/world-cup/match-preview-tunisia-vs-netherlands-06-25-26-world-cup-2026/
2026-06-26,07:00,Tunisia vs Netherlands,Netherlands,,0.97,1.00,,0.98,,1.02,28,,Netherlands are chasing top spot after a 5-1 win over Sweden; Brobbey has a knock but Gakpo/Malen/Summerville give enough attacking depth.,sportsmole:https://www.sportsmole.co.uk/football/tunisia/world-cup-2026/preview/tunisia-vs-netherlands-prediction-team-news-lineups_599913.html; squawka:https://www.squawka.com/us/news/world-cup/match-preview-tunisia-vs-netherlands-06-25-26-world-cup-2026/
2026-06-26,10:00,Turkey vs United States,Turkey,,0.97,1.00,,1.00,,1.02,24,,Turkey are already eliminated but should play freer; Yildiz is available and Guler/Calhanoglu keep a realistic scoring route.,sportsmole:https://www.sportsmole.co.uk/football/turkey/world-cup-2026/preview/turkey-vs-usa-prediction-team-news-lineups_599846.html; squawka:https://www.squawka.com/us/news/world-cup/match-preview-turkey-vs-usa-06-25-26-world-cup-2026/
2026-06-26,10:00,Turkey vs United States,United States,,1.00,1.00,,0.94,1.02,0.96,24,,"USA have already locked first place; Pulisic may be rested and several yellow-card players could also be held back, but home depth remains strong.",sportsmole:https://www.sportsmole.co.uk/football/turkey/world-cup-2026/preview/turkey-vs-usa-prediction-team-news-lineups_599846.html; squawka:https://www.squawka.com/us/news/world-cup/match-preview-turkey-vs-usa-06-25-26-world-cup-2026/
2026-06-26,10:00,Paraguay vs Australia,Paraguay,,0.98,1.00,,0.90,,0.94,26,,"Paraguay must win but Almiron is suspended, sharply reducing final-third quality; Diego Gomez appears fit enough to play.",sportsmole:https://www.sportsmole.co.uk/football/paraguay/world-cup-2026/preview/paraguay-vs-australia-prediction-team-news-lineups_599899.html; rotowire:https://www.rotowire.com/soccer/article/paraguay-vs-australia-preview-predicted-lineups-team-news-tactical-analysis-2026-world-cup-group-d-119488
2026-06-26,10:00,Paraguay vs Australia,Australia,,0.97,1.00,,0.97,,0.97,26,,"Australia advance automatically with a win and likely with a draw; Leckie has a muscle issue, but the back three is expected to remain stable.",sportsmole:https://www.sportsmole.co.uk/football/paraguay/world-cup-2026/preview/paraguay-vs-australia-prediction-team-news-lineups_599899.html; rotowire:https://www.rotowire.com/soccer/article/paraguay-vs-australia-preview-predicted-lineups-team-news-tactical-analysis-2026-world-cup-group-d-119488
2026-06-27,03:00,Norway vs France,Norway,,1.00,1.00,1.02,0.98,1.03,1.03,,,"Norway and France both have six points and are playing for top spot. Haaland is expected to start and has carried the scoring load, but Ryerson is doubtful, raising defensive leakage against France.","sportsmole:https://www.sportsmole.co.uk/football/norway/world-cup-2026/preview/norway-vs-france-prediction-team-news-lineups_600014.html; teamnews:https://www.sportsmole.co.uk/football/norway/world-cup-2026/team-news/norway-vs-france-injury-suspension-list-predicted-xis_600015.html"
2026-06-27,03:00,Norway vs France,France,,1.00,1.00,1.03,1.00,,1.03,,,"France only need to avoid defeat for first place but are expected to start Mbappe; no listed injury doubts. Treat as motivated favorite rather than rotation mode.","sportsmole:https://www.sportsmole.co.uk/football/norway/world-cup-2026/preview/norway-vs-france-prediction-team-news-lineups_600014.html; teamnews:https://www.sportsmole.co.uk/football/norway/world-cup-2026/team-news/norway-vs-france-injury-suspension-list-predicted-xis_600015.html"
2026-06-27,03:00,Senegal vs Iraq,Senegal,,1.00,1.00,1.00,0.97,1.04,1.05,,,"Senegal are on the brink of elimination after poor finishing and defensive looseness; they still have Mane/Jackson/Sarr route and must chase a win.","sportsmole:https://www.sportsmole.co.uk/football/senegal/world-cup-2026/preview/senegal-vs-iraq-prediction-team-news-lineups_599956.html; teamnews:https://www.sportsmole.co.uk/football/senegal/world-cup-2026/team-news/senegal-vs-iraq-injury-suspension-lists-predicted-xis_599962.html"
2026-06-27,03:00,Senegal vs Iraq,Iraq,,1.00,1.00,1.00,1.00,1.06,1.04,,,"Iraq sit bottom after conceding seven goals but still need to chase. Compact counter shape remains their route, so keep Senegal edge with both-team-scoring risk.","sportsmole:https://www.sportsmole.co.uk/football/senegal/world-cup-2026/preview/senegal-vs-iraq-prediction-team-news-lineups_599956.html; iraq-shape:https://www.sportsmole.co.uk/football/france/world-cup-2026/preview/france-vs-iraq-prediction-team-news-lineups_599660.html"
2026-06-27,08:00,Cape Verde vs Saudi Arabia,Cape Verde,,1.00,1.00,1.00,0.92,1.06,1.02,,,"Cape Verde can qualify with a win but miss Sidny Lopes through suspension; Telmo Arcanjo and Jovane Cabral are doubtful. Keep their improved tournament state but reduce defensive/attacking certainty.","sportsmole:https://www.sportsmole.co.uk/football/cape-verde/world-cup-2026/preview/cape-verde-vs-saudi-arabia-prediction-team-news-lineups_599983.html; teamnews:https://www.sportsmole.co.uk/football/cape-verde/world-cup-2026/team-news/cape-verde-vs-saudi-arabia-injury-suspension-list-predicted-xis_599984.html"
2026-06-27,08:00,Cape Verde vs Saudi Arabia,Saudi Arabia,,1.00,1.00,1.00,1.00,1.02,1.04,,,"Saudi Arabia must win to keep qualification alive and have no fresh fitness concerns. This adds chase tempo but not enough to erase Cape Verde's stronger form.","sportsmole:https://www.sportsmole.co.uk/football/cape-verde/world-cup-2026/preview/cape-verde-vs-saudi-arabia-prediction-team-news-lineups_599983.html; teamnews:https://www.sportsmole.co.uk/football/cape-verde/world-cup-2026/team-news/cape-verde-vs-saudi-arabia-injury-suspension-list-predicted-xis_599984.html"
2026-06-27,08:00,Uruguay vs Spain,Uruguay,,1.00,1.00,1.00,0.92,1.06,0.99,,,"Uruguay need a result but remain short of invention; Araujo and De Arrascaeta are ruled out. Nunez may start to improve the goal route, but the injury hit lowers baseline strength.","sportsmole:https://www.sportsmole.co.uk/football/spain/world-cup-2026/preview/uruguay-vs-spain-prediction-team-news-lineups_599989.html; lineup:https://www.sportsmole.co.uk/football/spain/world-cup-2026/predicted-lineups/double-injury-blow-for-uruguay-how-bielsas-side-could-line-up-vs-spain_599996.html"
2026-06-27,08:00,Uruguay vs Spain,Spain,,1.00,1.00,1.03,1.02,,1.00,,,"Spain are not yet through and should go strong; Yamal is expected to start again and Nico Williams may enter the XI. Draw is useful but lineup signal supports Spain win path.","sportsmole:https://www.sportsmole.co.uk/football/spain/world-cup-2026/preview/uruguay-vs-spain-prediction-team-news-lineups_599989.html; lineup:https://www.sportsmole.co.uk/football/spain/world-cup-2026/predicted-lineups/williams-yamal-decisions-how-spain-could-line-up-vs-uruguay_599995.html"
2026-06-27,11:00,Egypt vs Iran,Egypt,,1.00,1.00,1.02,0.96,1.03,0.98,,,"Egypt can advance with a draw but are chasing group top. Salah has one goal and two assists; Abdelmaguid is out and Hamdy Fathy doubtful, so Egypt attack is stable but defense has mild risk.","sportsmole:https://www.sportsmole.co.uk/football/egypt/world-cup-2026/preview/egypt-vs-iran-prediction-team-news-lineups_599975.html; teamnews:https://www.sportsmole.co.uk/football/egypt/world-cup-2026/team-news/egypt-vs-iran-injury-suspension-list-predicted-xis_600004.html"
2026-06-27,11:00,Egypt vs Iran,Iran,,1.00,1.00,1.00,0.98,1.02,0.99,,,"Iran are unbeaten, defended Belgium to 0-0, and may need a win depending on the other game. Cheshmi is doubtful but Taremi/Jahanbakhsh route keeps scoring risk alive.","sportsmole:https://www.sportsmole.co.uk/football/egypt/world-cup-2026/preview/egypt-vs-iran-prediction-team-news-lineups_599975.html; teamnews:https://www.sportsmole.co.uk/football/egypt/world-cup-2026/team-news/egypt-vs-iran-injury-suspension-list-predicted-xis_600004.html"
2026-06-27,11:00,New Zealand vs Belgium,New Zealand,,1.00,1.00,1.00,1.00,1.04,1.04,,,"New Zealand must win and have scored first in both matches; Chris Wood has not scored but created two assists against Iran. Keep underdog scoring route and early-start risk.","sportsmole:https://www.sportsmole.co.uk/football/belgium/world-cup-2026/preview/new-zealand-vs-belgium-prediction-team-news-lineups_599916.html; teamnews:https://www.sportsmole.co.uk/football/belgium/world-cup-2026/team-news/new-zealand-vs-belgium-injury-suspension-list-predicted-xis_599919.html"
2026-06-27,11:00,New Zealand vs Belgium,Belgium,,1.00,1.00,1.01,0.97,1.03,1.03,,,"Belgium need a win to guarantee qualification. Doku may return, but Ngoy is suspended after the Iran red card; attack quality still favors Belgium with defensive uncertainty.","sportsmole:https://www.sportsmole.co.uk/football/belgium/world-cup-2026/preview/new-zealand-vs-belgium-prediction-team-news-lineups_599916.html; teamnews:https://www.sportsmole.co.uk/football/belgium/world-cup-2026/team-news/new-zealand-vs-belgium-injury-suspension-list-predicted-xis_599919.html"
2026-06-28,05:00,Panama vs England,Panama,,1.00,1.00,1.00,0.96,1.04,1.02,25,,"Panama are eliminated on zero points and should chase pride, but Carrasquilla remains unavailable and the attack has produced only one goal route. Keep counter/set-piece risk, not a pure open profile.","sportsmole:https://www.sportsmole.co.uk/football/england/world-cup-2026/preview/panama-vs-england-prediction-team-news-lineups_600066.html; si:https://www.si.com/soccer/panama-vs-england-world-cup-preview-predictions-lineups-6-27-26"
2026-06-28,05:00,Panama vs England,England,,1.00,1.00,1.03,0.96,1.02,0.98,25,,"England can qualify with a draw and may manage minutes after the Ghana 0-0, but Kane/Foden/Saka attacking quality keeps the win path clear. Treat as controlled favorite rather than all-out blowout.","sportsmole:https://www.sportsmole.co.uk/football/england/world-cup-2026/preview/panama-vs-england-prediction-team-news-lineups_600066.html; si:https://www.si.com/soccer/panama-vs-england-world-cup-preview-predictions-lineups-6-27-26"
2026-06-28,05:00,Croatia vs Ghana,Croatia,,1.00,1.00,1.00,0.98,1.03,1.01,24,,"Croatia must win or at least chase a result. They controlled Panama but still showed low-conversion risk, so keep Croatia edge with moderate tempo, not a free-scoring read.","sportsmole:https://www.sportsmole.co.uk/football/croatia/world-cup-2026/preview/croatia-vs-ghana-prediction-team-news-lineups_600070.html; si:https://www.si.com/soccer/croatia-vs-ghana-world-cup-preview-predictions-lineups-6-27-26"
2026-06-28,05:00,Croatia vs Ghana,Ghana,,1.00,1.00,1.00,1.00,1.05,0.98,24,,"Ghana can advance with a draw after taking four points and holding England 0-0. Their defensive resistance is real, with enough counter/set-piece threat to avoid a zero-goal assumption.","sportsmole:https://www.sportsmole.co.uk/football/croatia/world-cup-2026/preview/croatia-vs-ghana-prediction-team-news-lineups_600070.html; si:https://www.si.com/soccer/croatia-vs-ghana-world-cup-preview-predictions-lineups-6-27-26"
2026-06-28,07:30,Colombia vs Portugal,Colombia,,1.00,0.98,1.00,1.01,1.04,0.94,30,,"Colombia have already qualified on six points, so rotation and game management are likely. Their defense has allowed only one goal, so preserve low-event draw risk.","sportsmole:https://www.sportsmole.co.uk/football/portugal/world-cup-2026/preview/colombia-vs-portugal-prediction-team-news-lineups_600099.html; si:https://www.si.com/soccer/colombia-vs-portugal-world-cup-preview-predictions-lineups-6-27-26"
2026-06-28,07:30,Colombia vs Portugal,Portugal,,1.00,0.98,1.00,1.02,1.00,0.96,30,,"Portugal are almost through and only need to avoid a heavy swing; Ronaldo/attack quality still matters, but Colombia's controlled style and Miami heat favor a measured match.","sportsmole:https://www.sportsmole.co.uk/football/portugal/world-cup-2026/preview/colombia-vs-portugal-prediction-team-news-lineups_600099.html; si:https://www.si.com/soccer/colombia-vs-portugal-world-cup-preview-predictions-lineups-6-27-26"
2026-06-28,07:30,DR Congo vs Uzbekistan,DR Congo,,1.00,1.00,1.00,0.99,1.03,1.01,29,,"DR Congo are still alive and need a result. They defended Portugal well but lacked finishing against Colombia, so keep low-event risk with a small scoring route.","sportsmole:https://www.sportsmole.co.uk/football/dr-congo/world-cup-2026/preview/dr-congo-vs-uzbekistan-prediction-team-news-lineups_600089.html; si:https://www.si.com/soccer/dr-congo-vs-uzbekistan-world-cup-preview-predictions-lineups-6-27-26"
2026-06-28,07:30,DR Congo vs Uzbekistan,Uzbekistan,,1.00,1.00,1.00,0.94,1.08,1.03,29,,"Uzbekistan have conceded eight goals and are effectively chasing from a weak position. Collapse risk remains, but DR Congo's low-event profile prevents a full open-game upgrade.","sportsmole:https://www.sportsmole.co.uk/football/dr-congo/world-cup-2026/preview/dr-congo-vs-uzbekistan-prediction-team-news-lineups_600089.html; si:https://www.si.com/soccer/dr-congo-vs-uzbekistan-world-cup-preview-predictions-lineups-6-27-26"
2026-06-28,10:00,Algeria vs Austria,Algeria,,1.00,1.00,0.99,1.00,1.03,1.00,31,,"Algeria can still progress and have rebounded from the Argentina loss, but a draw can be useful depending on the other result. Keep one-goal edge with heat/tempo caution.","sportsmole:https://www.sportsmole.co.uk/football/algeria/world-cup-2026/preview/algeria-vs-austria-prediction-team-news-lineups_600081.html; si:https://www.si.com/soccer/algeria-vs-austria-world-cup-preview-predictions-lineups-6-27-26"
2026-06-28,10:00,Algeria vs Austria,Austria,,1.00,1.00,0.99,1.00,1.03,1.00,31,,"Austria are close in strength and group situation to Algeria. Treat as balanced, with both sides having a scoring route but no clear reason to force a high-score game.","sportsmole:https://www.sportsmole.co.uk/football/algeria/world-cup-2026/preview/algeria-vs-austria-prediction-team-news-lineups_600081.html; si:https://www.si.com/soccer/algeria-vs-austria-world-cup-preview-predictions-lineups-6-27-26"
2026-06-28,10:00,Jordan vs Argentina,Jordan,,1.00,1.00,0.99,1.00,1.08,1.04,32,,"Jordan have zero points and must chase, so keep underdog-goal and late-open risk. The gap is still too large to make the upset the main call.","sportsmole:https://www.sportsmole.co.uk/football/argentina/world-cup-2026/preview/jordan-vs-argentina-prediction-team-news-lineups_600085.html; si:https://www.si.com/soccer/jordan-vs-argentina-world-cup-preview-predictions-lineups-6-27-26"
2026-06-28,10:00,Jordan vs Argentina,Argentina,,1.00,1.00,0.99,0.94,0.94,0.96,32,,"Argentina have qualified and confirmed Messi on the bench with rotation expected. Keep Argentina as clear favorite, but lower attacking cohesion and finishing certainty; Jordan chase still preserves late-open risk.","sportsmole:https://www.sportsmole.co.uk/football/argentina/world-cup-2026/preview/jordan-vs-argentina-prediction-team-news-lineups_600085.html; espn:https://global.espn.com/football/story/_/id/49191791/lionel-messi-argentina-bench-jordan-fifa-2026-world-cup; fox:https://www.foxsports.com/stories/soccer/lionel-messi-playing-today-argentina-star-wont-start-world-cup-showdown-vs-jordan; si:https://www.si.com/soccer/argentina-predicted-lineup-vs-jordan-world-cup-6-27-26"
2026-06-29,03:00,South Africa vs Canada,South Africa,,0.98,1.00,1.03,1.02,1.04,0.96,24,15800,"South Africa's group path was low event: 0-2 Mexico, 1-1 Czechia, 1-0 South Korea. Mokoena returning and domestic-club cohesion support defensive resistance; Canada are favored, so keep counter/set-piece route but not high tempo.","sportsmole:https://www.sportsmole.co.uk/football/canada/world-cup-2026/feature/south-africa-or-canada-to-triumph-sundays-world-cup-prediction-and-preview_600213.html; shekicks:https://shekicks.net/world-cup-r32-south-africa-canada-predictions/; fanduel:https://www.fanduel.com/research/south-africa-vs-canada-prediction-picks-lineups-preview-and-best-bets-for-round-of-32"
2026-06-29,03:00,South Africa vs Canada,Canada,1.03,1.02,1.00,1.01,0.97,1.02,0.98,24,3300,"Canada are favored in 90 minutes and Davies is available for the knockout opener, but Kone is out and Eustaquio/Bombito fitness notes reduce certainty. Market leans under 2.5, so keep Canada edge with controlled tempo.","sportsnet:https://www.sportsnet.ca/fifa-world-cup/article/canada-says-star-alphonso-davies-is-ready-to-play-as-knockout-rounds-begin/; fox:https://www.foxsports.com/stories/soccer/canada-says-star-alphonso-davies-is-honestly-ready-to-play-at-world-cup-as-knockout-rounds-begin; racingpost:https://www.racingpost.com/sport/football-tips/world-cup-2026/south-africa-vs-canada-betting-tips-predictions-team-news-odds-bet-builder-alPw44j6W3i3/; fanduel:https://www.fanduel.com/research/south-africa-vs-canada-prediction-picks-lineups-preview-and-best-bets-for-round-of-32"
2026-06-30,01:00,Brazil vs Japan,Brazil,,1.00,1.00,1.00,0.99,1.03,1.00,27,7600,"Brazil are favored and improved after the 1-1 Morocco opener, with back-to-back clean sheets. Raphinha has a hamstring injury and has not resumed full team training; Neymar is expected to be a bench option rather than a full-minute starter. This is a light attack-certainty penalty because Brazil still have Vinicius/Rodrygo/Rayan depth. Keep Brazil edge, but respect Japan transition.","sportsmole:https://www.sportsmole.co.uk/football/brazil/world-cup-2026/preview/brazil-vs-japan-prediction-team-news-lineups_600204.html; covers:https://www.covers.com/world-cup/brazil-vs-japan-prediction-picks-odds-monday-6-29-2026; lineups:https://www.lineups.com/betting/brazil-vs-japan-world-cup-match-preview-picks-odds-for-monday-june-29-2026/"
2026-06-30,01:00,Brazil vs Japan,Japan,,1.00,1.00,1.01,0.99,1.05,1.02,27,10600,"Japan are unbeaten in the tournament: 2-2 Netherlands, 4-0 Tunisia, 1-1 Sweden. Their 3-4-2-1 combines deep defending with high-intensity counter attacks, and they beat Brazil 3-2 in a recent friendly. Kubo is still not training fully and is unlikely; Itakura's issue is not considered serious. This is a light attack-certainty penalty because Japan's team structure remains stable. Keep underdog scoring and draw risk, but not a full upset main call.","sportsmole:https://www.sportsmole.co.uk/football/brazil/world-cup-2026/preview/brazil-vs-japan-prediction-team-news-lineups_600204.html; covers:https://www.covers.com/world-cup/brazil-vs-japan-prediction-picks-odds-monday-6-29-2026; lineups:https://www.lineups.com/betting/brazil-vs-japan-world-cup-match-preview-picks-odds-for-monday-june-29-2026/"
2026-06-30,04:30,Germany vs Paraguay,Germany,,1.00,1.00,1.00,0.98,1.03,0.98,24,6200,"Germany are a strong favorite and should restore the Musiala-Wirtz-Havertz attack after rotation versus Ecuador. Schlotterbeck is out, but Brown is expected fit and the XI is otherwise stable. Paraguay's low block and recent clean sheets reduce blowout confidence, while Germany's quality keeps the win path clear.","sportsmole:https://www.sportsmole.co.uk/football/germany/world-cup-2026/preview/germany-vs-paraguay-prediction-team-news-lineups_600229.html; lineup:https://www.sportsmole.co.uk/football/germany/world-cup-2026/predicted-lineups/will-brown-be-passed-fit-how-germany-could-line-up-against-paraguay_600234.html; fanduel:https://www.fanduel.com/research/germany-vs-paraguay-prediction-picks-lineups-preview-and-best-bets-world-cup-round-of-32; covers:https://www.covers.com/world-cup/germany-vs-paraguay-prediction-picks-odds-monday-6-29-2026"
2026-06-30,04:30,Germany vs Paraguay,Paraguay,,1.00,1.00,1.01,0.97,0.97,0.96,24,7900,"Paraguay transformed after the USA loss, keeping clean sheets against Turkey and Australia with a compact low block. Almiron returns, but Diego Gomez is suspended, reducing set-piece and midfield quality; Alderete and Sosa require assessment. Keep counter route, but lower Paraguay attack and total tempo.","sportsmole:https://www.sportsmole.co.uk/football/germany/world-cup-2026/preview/germany-vs-paraguay-prediction-team-news-lineups_600229.html; fanduel:https://www.fanduel.com/research/germany-vs-paraguay-prediction-picks-lineups-preview-and-best-bets-world-cup-round-of-32; covers:https://www.covers.com/world-cup/germany-vs-paraguay-prediction-picks-odds-monday-6-29-2026"
2026-06-30,09:00,Netherlands vs Morocco,Netherlands,,0.98,0.98,1.01,1.00,1.04,0.98,30,8800,"Netherlands scored 10 goals in the group and Brobbey/Dumfries are passed fit, with Gakpo ready to play. The matchup is close, Morocco can press and counter, and Monterrey heat favors caution. Keep Dutch slight edge but raise draw and concession risk.","sportsmole:https://www.sportsmole.co.uk/football/netherlands/world-cup-2026/preview/netherlands-vs-morocco-prediction-team-news-lineups_600222.html; guardian:https://www.theguardian.com/football/2026/jun/28/morocco-netherlands-world-cup-2026-preview; draftkings:https://dknetwork.draftkings.com/2026/06/26/opening-odds-for-netherlands-vs-morocco-in-the-fifa-2026-world-cup/; covers:https://www.covers.com/world-cup/netherlands-vs-morocco-prediction-picks-odds-monday-6-29-2026"
2026-06-30,09:00,Netherlands vs Morocco,Morocco,,1.00,1.00,1.02,1.02,1.02,0.98,30,9300,"Morocco also took seven points, drew Brazil, and bring back Mazraoui, Diop, Bouaddi and Ounahi. Saibari has three goals and Hakimi/Brahim keep the right-side route strong. Heat and knockout stakes point to a tight match, but Morocco have a real upset route.","sportsmole:https://www.sportsmole.co.uk/football/netherlands/world-cup-2026/preview/netherlands-vs-morocco-prediction-team-news-lineups_600222.html; guardian:https://www.theguardian.com/football/2026/jun/28/morocco-netherlands-world-cup-2026-preview; draftkings:https://dknetwork.draftkings.com/2026/06/26/opening-odds-for-netherlands-vs-morocco-in-the-fifa-2026-world-cup/; covers:https://www.covers.com/world-cup/netherlands-vs-morocco-prediction-picks-odds-monday-6-29-2026"
2026-07-01,01:00,Ivory Coast vs Norway,Ivory Coast,,1.00,1.00,0.99,1.00,1.02,1.04,32,9600,"Ivory Coast have been low-event and defensively resistant, but Norway's Haaland route makes a clean-sheet read unsafe. Arlington heat slightly lowers tempo; keep Ivory Coast counter/set-piece route.","sportsmole:https://www.sportsmole.co.uk/football/ivory-coast/world-cup-2026/preview/ivory-coast-vs-norway-prediction-team-news-lineups_600294.html; weather:Arlington forecast scan 2026-06-30"
2026-07-01,01:00,Ivory Coast vs Norway,Norway,,1.00,0.98,0.97,1.00,1.03,1.02,32,7600,"Norway are slight favorites because of Haaland and recent scoring output, but France exposed defensive fragility. Heat and knockout stakes keep this from becoming a pure open mismatch.","sportsmole:https://www.sportsmole.co.uk/football/ivory-coast/world-cup-2026/preview/ivory-coast-vs-norway-prediction-team-news-lineups_600294.html; weather:Arlington forecast scan 2026-06-30"
2026-07-01,05:00,France vs Sweden,France,,1.00,0.99,0.99,1.00,1.03,1.02,30,6200,"France are the strongest remaining live-ranking side and Mbappe is expected to remain the focal route. New Jersey heat is manageable but not cool; keep France win path with Sweden scoring risk.","sportsmole:https://www.sportsmole.co.uk/football/france/world-cup-2026/preview/france-vs-sweden-prediction-team-news-lineups_600264.html; weather:East Rutherford forecast scan 2026-06-30"
2026-07-01,05:00,France vs Sweden,Sweden,,1.00,1.00,0.98,1.00,1.02,1.05,30,7600,"Sweden conceded heavily to Netherlands and have defensive fragility, but Isak/Gyokeres keep a credible one-goal route. Do not turn this into a France clean-sheet lock.","sportsmole:https://www.sportsmole.co.uk/football/france/world-cup-2026/preview/france-vs-sweden-prediction-team-news-lineups_600264.html; weather:East Rutherford forecast scan 2026-06-30"
2026-07-01,09:00,Mexico vs Ecuador,Mexico,1.05,1.00,0.98,1.02,1.00,0.98,0.98,21,0,"Mexico have home/altitude familiarity and three straight wins without conceding. Ecuador are compact and already upset Germany, so external read leans tight rather than a Mexico blowout.","sportsmole:https://www.sportsmole.co.uk/football/mexico/world-cup-2026/predicted-lineups/can-el-tri-continue-perfect-run-predicted-mexico-xi-vs-ecuador_600283.html; weather:Mexico City rain risk scan 2026-06-30"
2026-07-01,09:00,Mexico vs Ecuador,Ecuador,,1.00,0.99,1.00,1.02,1.02,0.98,21,4200,"Ecuador's tournament has been low-event but resilient: 0-1 Ivory Coast, 0-0 Curacao, 2-1 Germany. Rain risk and Mexico City's slower surface favor a narrow game with draw/upset route.","sportsmole:https://www.sportsmole.co.uk/football/mexico/world-cup-2026/predicted-lineups/can-el-tri-continue-perfect-run-predicted-mexico-xi-vs-ecuador_600283.html; weather:Mexico City rain risk scan 2026-06-30"
2026-07-02,00:00,England vs DR Congo,England,,1.00,1.00,1.00,0.98,1.03,0.97,29,6800,"England are clear favorites, Rice and Saka are available, but right-back injuries and recent low-idea possession games raise counter and low-block risk. Keep England edge without forcing a blowout.","aljazeera:https://www.aljazeera.com/sports/2026/6/30/england-vs-dr-congo-world-cup-round-of-32-kane-match-prediction-lineups; guardian:https://www.theguardian.com/football/2026/jul/01/england-dr-congo-world-cup-shock-last-32-atlanta; times:https://www.thetimes.com/sport/football/world-cup/article/england-dr-congo-knockouts-last-16-world-cup-6qmbzb3jr"
2026-07-02,00:00,England vs DR Congo,DR Congo,,1.00,1.00,1.02,1.00,0.97,0.97,29,10800,"DR Congo are expected to defend in a 5-3-2 low block with no reported injuries. Wissa is the main transition route, so suppress England attack volume but keep one-goal underdog risk.","aljazeera:https://www.aljazeera.com/sports/2026/6/30/england-vs-dr-congo-world-cup-round-of-32-kane-match-prediction-lineups; guardian:https://www.theguardian.com/football/2026/jul/01/england-dr-congo-world-cup-shock-last-32-atlanta; times:https://www.thetimes.com/sport/football/world-cup/article/england-dr-congo-knockouts-last-16-world-cup-6qmbzb3jr"
2026-07-02,04:00,Belgium vs Senegal,Belgium,1.02,1.02,1.00,1.01,1.02,1.03,1.03,24,0,"Belgium stay in Seattle, fitness is improving, and the 5-1 New Zealand win showed their attack can restart. Keep Belgium slight edge but not a clean-sheet lock against Senegal speed.","guardian:https://www.theguardian.com/football/2026/jul/01/belgium-senegal-world-cup-match-preview; goal:https://www.goal.com/en-us/news/belgium-senegal-world-cup-preview/blt1c958015a91eebc7"
2026-07-02,04:00,Belgium vs Senegal,Senegal,,1.00,1.00,1.00,0.98,1.05,1.05,24,12800,"Senegal qualified after a 5-0 Iraq win and their recent matches have been high-event. Mendy knee-sprain reporting is mixed, so apply only a light certainty penalty while keeping Mane/Sarr transition risk.","guardian:https://www.theguardian.com/football/2026/jul/01/belgium-senegal-world-cup-match-preview; goal:https://www.goal.com/en-us/news/belgium-senegal-world-cup-preview/blt1c958015a91eebc7"
2026-07-02,08:00,United States vs Bosnia and Herzegovina,United States,1.05,1.02,1.00,1.01,1.02,1.04,0.98,21,0,"The United States have home advantage and a fit Pulisic/Balogun route, but the Turkey loss exposed defensive leakage. External goal-market read leans under 2.5, so keep USA edge with controlled tempo.","totalfootballanalysis:https://totalfootballanalysis.com/competitions/fifa-world-cup-2026/world-cup-r32-united-states-bosnia-herzegovina-predictions; fifa:https://www.fifa.com/en/tournaments/mens/worldcup/canadamexicousa2026/articles/usa-bosnia-and-herzegovina-live-stream-team-news-tickets"
2026-07-02,08:00,United States vs Bosnia and Herzegovina,Bosnia and Herzegovina,,1.00,1.00,1.00,1.00,1.03,0.98,21,9600,"Bosnia have Dzeko/Demirovic and no major injury signal, but their group included a 1-4 Switzerland loss and draw tendency. Keep one-goal route, not an open upset main call.","totalfootballanalysis:https://totalfootballanalysis.com/competitions/fifa-world-cup-2026/world-cup-r32-united-states-bosnia-herzegovina-predictions; fifa:https://www.fifa.com/en/tournaments/mens/worldcup/canadamexicousa2026/articles/usa-bosnia-and-herzegovina-live-stream-team-news-tickets"
2026-07-03,03:00,Spain vs Austria,Spain,,1.00,1.00,1.00,0.97,1.04,0.98,23,9400,"Spain are strong favorites but not a clean blowout read: Yamal/winger fitness and Rodri/Merino workload notes lower attack certainty, while Austria's high press and set pieces keep a one-goal route alive.","si:https://www.si.com/soccer/spain-predicted-lineup-vs-austria-world-cup-7-2-26; guardian:https://www.theguardian.com/football/2026/jul/01/fabian-ruiz-spain-austria-world-cup-2026-round-32; draftkings:https://dknetwork.draftkings.com/2026/06/28/opening-odds-for-spain-vs-austria-in-the-2026-fifa-world-cup-round-of-32/"
2026-07-03,03:00,Spain vs Austria,Austria,,1.00,1.00,1.00,1.00,1.08,1.00,23,9800,"Austria's 3-3 Algeria match showed pressure and scoring belief but also defensive exposure. Spain should score, while Austria have enough attacking oxygen to avoid a zero-goal-only read.","si:https://www.si.com/soccer/spain-predicted-lineup-vs-austria-world-cup-7-2-26; draftkings:https://dknetwork.draftkings.com/2026/06/28/opening-odds-for-spain-vs-austria-in-the-2026-fifa-world-cup-round-of-32/; vsin:https://vsin.com/soccer/spain-vs-austria-prediction-2026-fifa-world-cup-picks/"
2026-07-03,07:00,Portugal vs Croatia,Portugal,,1.00,1.00,1.00,1.00,1.03,0.97,24,5700,"Portugal have a clean injury table and more attacking gears, but group play showed patience issues against teams that sit in. Keep Portugal slight edge without a comfortable-win assumption.","rotowire:https://www.rotowire.com/soccer/article/portugal-vs-croatia-preview-predicted-lineups-team-news-tactical-analysis-2026-world-cup-round-of-32-120534; totalfootballanalysis:https://totalfootballanalysis.com/competitions/fifa-world-cup-2026/world-cup-r32-portugal-croatia-predictions"
2026-07-03,07:00,Portugal vs Croatia,Croatia,,1.00,1.00,1.00,1.00,1.05,0.96,24,7400,"Croatia also have a clean injury table, but Modric workload and prior transition exposure against England are concerns. Their midfield should slow tempo and keep a draw/one-goal upset route alive.","rotowire:https://www.rotowire.com/soccer/article/portugal-vs-croatia-preview-predicted-lineups-team-news-tactical-analysis-2026-world-cup-round-of-32-120534; totalfootballanalysis:https://totalfootballanalysis.com/competitions/fifa-world-cup-2026/world-cup-r32-portugal-croatia-predictions"
2026-07-03,11:00,Switzerland vs Algeria,Switzerland,,1.00,1.00,1.01,1.00,1.04,1.01,23,8300,"Switzerland are justified favorites with an unbeaten group and scoring variety, but Algeria's Mahrez/Amoura route and the 3-3 Austria match keep both-team-scoring risk alive.","goal:https://www.goal.com/en-us/news/switzerland-algeria-world-cup-preview/bltba78215ee1eaa8d1; shekicks:https://shekicks.net/world-cup-r32-switzerland-algeria-predictions/; espn:https://www.espn.com/soccer/story/_/id/49223711/fifa-world-cup-2026-switzerland-vs-algeria-tv-channel-how-watch-kickoff-live-stream-referee-predicted-lineups"
2026-07-03,11:00,Switzerland vs Algeria,Algeria,,1.00,1.00,1.00,1.00,1.05,1.03,23,10200,"Algeria are inconsistent but dangerous: the 3-3 Austria draw showed attacking dynamism and defensive vulnerability. Keep Swiss edge with Algeria scoring and high-event tail.","goal:https://www.goal.com/en-us/news/switzerland-algeria-world-cup-preview/bltba78215ee1eaa8d1; shekicks:https://shekicks.net/world-cup-r32-switzerland-algeria-predictions/; fox:https://www.foxsports.com/watch/fmc-z00ebnzhnz3yr4gx"
2026-07-04,02:00,Australia vs Egypt,Australia,,1.00,0.99,1.00,0.96,1.03,0.97,36,13500,"Australia have a low-event profile and multiple squad knocks/departures around the knockout tie. Egypt's Salah route is live, so keep Australia competitive but lower their scoring certainty.","fifa:https://www.fifa.com/en/match-centre/match/17/285023/289287/400021515; socceroos:https://socceroos.com.au/tickets; guardian:https://www.theguardian.com/football/live/2026/jun/27/fifa-world-cup-2026-live-egypt-v-iran-updates-egy-vs-irn-group-g-match-score-latest"
2026-07-04,02:00,Australia vs Egypt,Egypt,,1.00,1.00,1.00,1.03,1.05,0.99,36,10800,"Salah is available and remains Egypt's main attack hub. Egypt qualified second in Group G after 1-1 Belgium, 3-1 New Zealand and 1-1 Iran; knockout heat still points to narrow tempo.","fifa:https://www.fifa.com/en/tournaments/mens/worldcup/canadamexicousa2026/articles/egypt-injury-worries-australia-mohamed-salah; guardian:https://www.theguardian.com/football/live/2026/jun/27/fifa-world-cup-2026-live-egypt-v-iran-updates-egy-vs-irn-group-g-match-score-latest; draftkings:https://dknetwork.draftkings.com/2026/07/03/fifa-world-cup-parlays-july-3-2026/"
2026-07-04,06:00,Argentina vs Cape Verde,Argentina,,1.00,1.00,1.02,1.02,0.98,0.96,31,7800,"Messi is expected to feature in Miami and Argentina bring a complete attack, but Cape Verde's unbeaten low-block run argues against treating this as an automatic blowout.","fifa:https://www.fifa.com/en/tournaments/mens/worldcup/canadamexicousa2026/articles/argentina-cabo-verde-live-stream-team-news-tickets; espn:https://www.espn.com/soccer/story/_/id/49234020/fifa-world-cup-2026-argentina-vs-cape-verde-tv-channel-how-watch-kickoff-live-stream-referee-predicted-lineups-lionel-messi; totalfootballanalysis:https://totalfootballanalysis.com/competitions/fifa-world-cup-2026/world-cup-r32-argentina-cape-verde-predictions"
2026-07-04,06:00,Argentina vs Cape Verde,Cape Verde,,1.00,1.00,1.01,1.02,0.96,0.94,31,8900,"Cape Verde drew Spain, Uruguay and Saudi Arabia with a disciplined low block and Vozinha leadership. Keep defensive resistance high, with only a limited counter route.","fifa:https://www.fifa.com/en/articles/cabo-verde-argentina-prematch-feature; guardian:https://www.theguardian.com/football/2026/jun/27/cape-verde-saudi-arabia-world-cup-match-report; aljazeera:https://www.aljazeera.com/sports/2026/6/27/cape-verde-qualify-for-world-cup-round-of-32-set-up-date-with-argentina"
2026-07-04,09:30,Colombia vs Ghana,Colombia,,1.00,1.00,1.01,1.01,0.98,0.96,31,3500,"Colombia have a full squad, Diaz/Suarez/James available and only one goal conceded, but Ghana's Queiroz mid-block and England draw point to a tight controlled win rather than a flood of goals.","goal:https://www.goal.com/en/news/colombia-ghana-world-cup-preview/bltc918b39193cee468; sportsmole:https://www.sportsmole.co.uk/football/colombia/world-cup-2026/preview/colombia-vs-ghana-prediction-team-news-lineups_600509.html; fifa:https://www.fifa.com/en/tournaments/mens/worldcup/canadamexicousa2026/articles/colombia-ghana-live-stream-team-news-tickets-and-more"
2026-07-04,09:30,Colombia vs Ghana,Ghana,,1.00,1.00,1.00,1.00,1.02,0.96,31,10200,"Ghana have Semenyo expected to start and Partey/Ayew experience, but their best route is compact defence plus transitions. Keep underdog one-goal route but suppress tempo.","goal:https://www.goal.com/en/news/colombia-ghana-world-cup-preview/bltc918b39193cee468; sportsmole:https://www.sportsmole.co.uk/football/colombia/world-cup-2026/preview/colombia-vs-ghana-prediction-team-news-lineups_600509.html; elpais:https://elpais.com/america-colombia/2026-07-03/la-seleccion-colombia-se-topa-una-vez-mas-con-carlos-queiroz-ahora-como-tecnico-de-ghana.html"
2026-07-05,01:00,Canada vs Morocco,Canada,1.02,1.00,0.99,1.01,1.00,1.04,0.97,33,2500,"Canada enter on a low-event 1-0 South Africa win and should keep Davies/David transition routes. Morocco are higher rated and defensively reliable, so keep Canada goal route without turning the match open.","aljazeera:https://www.aljazeera.com/sports/2026/7/3/canada-morocco-fifa-world-cup-round-of-16-saibari-prediction-schedule; rotowire:https://www.rotowire.com/soccer/article/canada-vs-morocco-preview-predicted-lineups-team-news-tactical-analysis-2026-world-cup-round-of-16-120851; covers:https://www.covers.com/world-cup/canada-vs-morocco-prediction-picks-odds-saturday-7-4-2026"
2026-07-05,01:00,Canada vs Morocco,Morocco,,0.99,0.99,1.01,0.99,1.03,0.97,33,8200,"Morocco eliminated the Netherlands on penalties after another narrow match and remain the stronger live-ranking side. Injury reporting is mixed around Aguerd/Ezzalzouli, so apply only a light certainty penalty and keep a narrow Morocco edge.","aljazeera:https://www.aljazeera.com/sports/2026/7/3/canada-morocco-fifa-world-cup-round-of-16-saibari-prediction-schedule; rotowire:https://www.rotowire.com/soccer/article/canada-vs-morocco-preview-predicted-lineups-team-news-tactical-analysis-2026-world-cup-round-of-16-120851; covers:https://www.covers.com/world-cup/canada-vs-morocco-prediction-picks-odds-saturday-7-4-2026"
2026-07-05,05:00,Paraguay vs France,Paraguay,,1.00,0.98,1.00,0.99,1.03,0.96,38,7600,"Paraguay's Germany upset was a low-block, low-event penalty route rather than open dominance. Philadelphia heat and France quality point to a compact survival plan with limited counter/set-piece scoring route.","aljazeera:https://www.aljazeera.com/sports/2026/6/30/how-germany-were-handed-a-world-cup-humbling-and-what-it-means-to-paraguay; rotowire:https://www.rotowire.com/soccer/article/france-vs-paraguay-picks-tips-odds-best-bets-2026-world-cup-round-of-16-121004; pickdawgz:https://pickdawgz.com/soccer-picks/2026-07-04/paraguay-vs-france-prediction-world-cup-picks"
2026-07-05,05:00,Paraguay vs France,France,,1.00,0.97,1.01,1.01,1.02,0.96,38,7800,"France have Mbappe expected and remain the strongest live-ranking team, but the R16 setting, extreme heat and Paraguay low block argue against a 6-8 main tail. Keep France win edge with controlled high-side backup.","si:https://www.si.com/soccer/france-predicted-lineup-vs-paraguay-world-cup-7-4-26; rotowire:https://www.rotowire.com/soccer/article/france-vs-paraguay-picks-tips-odds-best-bets-2026-world-cup-round-of-16-121004; pickdawgz:https://pickdawgz.com/soccer-picks/2026-07-04/paraguay-vs-france-prediction-world-cup-picks"
2026-07-06,04:00,Brazil vs Norway,Brazil,,1.00,1.00,1.01,0.96,1.04,1.02,27,7600,"Brazil are live-rank 5 favorites, but Raphinha and Lucas Paqueta attacking absences plus Neymar not projected to start reduce creation certainty. Norway's Haaland/Sorloth direct route means Brazil edge should not be treated as clean-sheet control.","rotowire:https://www.rotowire.com/soccer/article/brazil-vs-norway-preview-predicted-lineups-team-news-tactical-analysis-2026-world-cup-round-of-16-121006; goal:https://www.goal.com/en-us/news/brazil-norway-world-cup-preview/blt6910d0cef5c2220b; covers:https://www.covers.com/world-cup/brazil-vs-norway-prediction-picks-odds-sunday-7-5-2026"
2026-07-06,04:00,Brazil vs Norway,Norway,,1.00,1.00,1.00,0.99,1.08,1.04,27,5900,"Norway have Haaland expected in the front line and have scored in every match, while Brazil can be attacked by longer balls into Haaland/Sorloth. Julian Ryerson is questionable, so keep Norway scoring route but not a full upset main call.","rotowire:https://www.rotowire.com/soccer/article/brazil-vs-norway-preview-predicted-lineups-team-news-tactical-analysis-2026-world-cup-round-of-16-121006; goal:https://www.goal.com/en-us/news/brazil-norway-world-cup-preview/blt6910d0cef5c2220b; covers:https://www.covers.com/world-cup/brazil-vs-norway-prediction-picks-odds-sunday-7-5-2026"
2026-07-06,08:00,Mexico vs England,Mexico,1.08,1.00,0.99,1.03,1.02,1.05,1.02,24,0,"Mexico have home and altitude advantage at Estadio Azteca, four wins and no goals conceded in this tournament. External betting analysis gives Mexico qualification value, so keep the draw/upset route serious rather than treating England as a clean favorite.","rotowire:https://www.rotowire.com/soccer/article/mexico-vs-england-preview-predicted-lineups-team-news-tactical-analysis-2026-world-cup-round-of-16-121007; covers:https://www.covers.com/world-cup/mexico-vs-england-prediction-picks-odds-sunday-7-5-2026"
2026-07-06,08:00,Mexico vs England,England,,0.96,0.99,1.01,0.97,1.02,1.01,24,8900,"England remain live-rank 4 with Kane expected, but Mexico City altitude, home crowd, James fitness doubt and possible Rice/Quansah issues reduce certainty. Keep England scoring quality but avoid a comfortable-win read.","rotowire:https://www.rotowire.com/soccer/article/mexico-vs-england-preview-predicted-lineups-team-news-tactical-analysis-2026-world-cup-round-of-16-121007; covers:https://www.covers.com/world-cup/mexico-vs-england-prediction-picks-odds-sunday-7-5-2026"
2026-07-07,03:00,Portugal vs Spain,Portugal,,1.00,1.00,1.00,0.94,1.04,0.96,30,7500,"Portugal are live-rank 6 but enter with multiple attacking or defensive absences and doubts around Vitinha, Pedro Neto, Pepe and Joao Cancelo. Ronaldo gives a box route, but Spain's clean-sheet run and control profile reduce Portugal scoring certainty.","si:https://www.si.com/soccer/portugal-vs-spain-world-cup-preview-predictions-lineups-7-6-26; si_lineup:https://www.si.com/soccer/portugal-predicted-lineup-vs-spain-world-cup-7-6-26; covers:https://www.covers.com/world-cup/spain-vs-portugal-prediction-picks-odds-monday-7-6-2026"
2026-07-07,03:00,Portugal vs Spain,Spain,,1.00,1.00,1.01,1.02,1.03,0.96,30,8300,"Spain are live-rank 2 with four straight wins since the opening draw, no goals conceded and Yamal expected in the front line. Keep Spain edge, but Portugal are credible enough to keep this a narrow R16 match rather than a blowout.","si:https://www.si.com/soccer/portugal-vs-spain-world-cup-preview-predictions-lineups-7-6-26; covers:https://www.covers.com/world-cup/spain-vs-portugal-prediction-picks-odds-monday-7-6-2026; analyst:https://theanalyst.com/2026/07/portugal-vs-spain-prediction-world-cup-2026"
2026-07-07,08:00,United States vs Belgium,United States,1.06,1.02,1.00,1.02,1.02,1.05,1.03,22,0,"USA have home advantage in Seattle, and Balogun's suspension was lifted, keeping the Pulisic/Balogun/Weah route intact. Prior Turkey loss and Belgium's Lukaku/De Bruyne quality keep defensive leakage risk; treat as close upset-capable, not USA control.","fanduel:https://www.fanduel.com/research/usa-vs-belgium-prediction-picks-lineups-and-best-bets-today-for-world-cup-2026-round-of-16; si:https://www.si.com/soccer/usa-vs-belgium-world-cup-preview-predictions-lineups-7-6-26; ussoccer:https://www.ussoccer.com/stories/2026/07/usmnt-vs-belgium-match-history-2026-fifa-world-cup-round-of-16"
2026-07-07,08:00,United States vs Belgium,Belgium,,1.00,1.00,1.01,1.00,1.05,1.04,22,7900,"Belgium are live-rank 9 and external odds lean Belgium, with Lukaku and De Bruyne routes and high-event recent results. Their 2-2 Senegal match shows defensive leakage, so keep Belgium slight edge with both-team-scoring risk.","fanduel:https://www.fanduel.com/research/usa-vs-belgium-prediction-picks-lineups-and-best-bets-today-for-world-cup-2026-round-of-16; si:https://www.si.com/soccer/usa-vs-belgium-world-cup-preview-predictions-lineups-7-6-26; ussoccer:https://www.ussoccer.com/stories/2026/07/usmnt-vs-belgium-match-history-2026-fifa-world-cup-round-of-16"
2026-07-08,00:00,Argentina vs Egypt,Argentina,,1.00,1.00,1.01,1.00,1.02,0.94,27,8100,"Argentina are live-rank 3 and remain favorites, with Messi expected, but the Cape Verde draw exposed a lower-tempo issue against compact defensive blocks. Keep Argentina edge while avoiding a blowout default.","si:https://www.si.com/soccer/argentina-vs-egypt-world-cup-preview-predictions-lineups-7-7-26; squawka:https://www.squawka.com/us/news/world-cup/match-preview-argentina-vs-egypt-07-07-26-world-cup-2026-round-of-16/; covers:https://www.covers.com/world-cup/argentina-vs-egypt-prediction-picks-odds-tuesday-7-7-2026"
2026-07-08,00:00,Argentina vs Egypt,Egypt,,1.00,1.00,1.00,0.98,1.06,0.94,27,10000,"Egypt are live-rank 24 and advanced after a 1-1 knockout draw, with Salah still the main transition route. Injury/fitness reporting is mixed, so keep the counterattack route but do not turn it into a high-control upset read.","si:https://www.si.com/soccer/argentina-vs-egypt-world-cup-preview-predictions-lineups-7-7-26; guardian:https://www.theguardian.com/football/2026/jul/06/mohamed-salah-injury-liverpool-egypt-world-cup-2026-argentina; covers:https://www.covers.com/world-cup/argentina-vs-egypt-prediction-picks-odds-tuesday-7-7-2026"
2026-07-08,04:00,Switzerland vs Colombia,Switzerland,,1.00,1.00,1.01,1.00,1.03,0.94,21,8500,"Switzerland are live-rank 14, unbeaten in regulation and defensively stable after the Algeria clean sheet. Colombia are stronger in market/ranking signals, so keep Swiss one-goal route mainly through set pieces and transitions.","squawka:https://www.squawka.com/us/news/world-cup/match-preview-switzerland-vs-colombia-07-07-26-world-cup-2026-round-of-16/; goal:https://www.goal.com/en-us/lists/switzerland-vs-colombia-preview-predictions-lineups/bltb710e435ae2b2262; vsin:https://www.vsin.com/soccer/switzerland-vs-colombia-prediction-odds-and-picks-for-round-of-16-matchup-on-tuesday-july-7/"
2026-07-08,04:00,Switzerland vs Colombia,Colombia,,1.00,1.00,1.00,0.99,1.03,0.94,21,7900,"Colombia are live-rank 11 and externally favored, but recent outputs are narrow: 1-0 Ghana and 0-0 Portugal. Keep Colombia slight edge with low-event control rather than an open-game read.","squawka:https://www.squawka.com/us/news/world-cup/match-preview-switzerland-vs-colombia-07-07-26-world-cup-2026-round-of-16/; goal:https://www.goal.com/en-us/lists/switzerland-vs-colombia-preview-predictions-lineups/bltb710e435ae2b2262; draftkings:https://dknetwork.draftkings.com/2026/07/07/world-cup-2026-best-bets-switzerland-colombia-picks-odds-predictions/"
2026-07-10,04:00,France vs Morocco,France,,1.00,1.00,1.01,0.98,1.02,0.92,25,6000,"France are live-rank 1 and strong external favorites, with Mbappe expected, but the Paraguay match showed a low-event knockout control profile. Tchouameni suspension risk slightly reduces midfield control, so keep France edge without a blowout default.","fifa:https://www.fifa.com/en/tournaments/mens/worldcup/canadamexicousa2026/articles/france-morocco-preview-live-stream-team-news-tickets; fanduel:https://www.fanduel.com/research/france-vs-morocco-prediction-picks-lineups-and-best-bets-today-for-world-cup-2026-quarterfinals; sportsmole:https://www.sportsmole.co.uk/football/france/world-cup-2026/preview/france-vs-morocco-prediction-team-news-lineups_600715.html"
2026-07-10,04:00,France vs Morocco,Morocco,,1.00,1.00,1.01,0.96,1.05,0.92,25,6200,"Morocco are live-rank 5, unbeaten in regulation and coming off a 3-0 Canada win, but Saibari is expected out or doubtful. Keep Morocco as a credible opponent with transition and set-piece routes, not a weak underdog.","fifa:https://www.fifa.com/en/tournaments/mens/worldcup/canadamexicousa2026/articles/france-morocco-preview-live-stream-team-news-tickets; aljazeera:https://www.aljazeera.com/sports/2026/7/8/france-vs-morocco-fifa-world-cup-quarterfinal-all-to-know; sportsmole:https://www.sportsmole.co.uk/football/france/world-cup-2026/preview/france-vs-morocco-prediction-team-news-lineups_600715.html"
2026-07-11,03:00,Spain vs Belgium,Spain,,1.00,1.00,1.02,1.01,1.02,0.93,24,9300,"Spain are live-rank 2, FIFA rank 2, have conceded zero goals in five matches, and Yamal is expected to remain a main creation route. Treat Spain as the favorite, but the Portugal 1-0 match keeps the read narrow rather than a blowout.","fifa:https://www.fifa.com/en/tournaments/mens/worldcup/canadamexicousa2026/articles/spain-v-belgium-live-stream-team-news-tickets-and-more; fox:https://www.foxsports.com/stories/soccer/spain-vs-belgium-match-preview-2026-fifa-world-cup; goal:https://www.goal.com/en-us/news/spain-belgium-world-cup-preview/blt1a7a9e35c22bbc19"
2026-07-11,03:00,Spain vs Belgium,Belgium,,1.00,1.00,1.01,1.02,1.06,0.96,24,8900,"Belgium are live-rank 9 with 12 goals scored and a 4-1 knockout win over the United States. De Bruyne and Lukaku/De Ketelaere routes keep a real one-goal tail, but Spain's clean-sheet profile limits the upset read.","fifa:https://www.fifa.com/en/tournaments/mens/worldcup/canadamexicousa2026/articles/spain-v-belgium-live-stream-team-news-tickets-and-more; fox:https://www.foxsports.com/stories/soccer/spain-vs-belgium-match-preview-2026-fifa-world-cup; goal:https://www.goal.com/en-us/news/spain-belgium-world-cup-preview/blt1a7a9e35c22bbc19"
2026-07-12,05:00,Norway vs England,Norway,,1.00,0.97,1.01,1.03,1.07,1.01,31,7600,"Norway are live-rank 19 but have the biggest positive form jump outside the top teams, with Haaland driving a clear scoring route and a 2-1 Brazil upset. Their nine goals conceded keep defensive risk high, but this is a QF, so treat it as both-team-scoring risk rather than a collapse game.","fifa:https://www.fifa.com/en/tournaments/mens/worldcup/canadamexicousa2026/articles/norway-england-preview-live-stream-team-news-tickets; fox:https://www.foxsports.com/stories/soccer/norway-vs-england-match-preview-2026-fifa-world-cup; goal:https://www.goal.com/en-us/news/norway-england-world-cup-preview/blt3a1c9f0d91f31b64"
2026-07-12,05:00,Norway vs England,England,,1.00,0.98,1.02,1.00,1.05,1.01,31,7100,"England are live-rank 4 and stronger overall, but the Mexico match showed defensive leakage and a red-card event. Kane keeps the favorite scoring route; Norway's Haaland route means England win is not a clean-sheet default, but without collapse evidence this stays below the 6-8 goal range.","fifa:https://www.fifa.com/en/tournaments/mens/worldcup/canadamexicousa2026/articles/norway-england-preview-live-stream-team-news-tickets; fox:https://www.foxsports.com/stories/soccer/norway-vs-england-match-preview-2026-fifa-world-cup; goal:https://www.goal.com/en-us/news/norway-england-world-cup-preview/blt3a1c9f0d91f31b64"
2026-07-12,09:00,Argentina vs Switzerland,Argentina,,1.00,1.00,1.01,1.01,1.03,0.94,32,8500,"Argentina are live-rank 3 and still favorites, with Messi expected, but the Egypt match exposed defensive risk and the Cape Verde draw showed compact-block difficulty. Keep Argentina edge while avoiding a blowout default.","fifa:https://www.fifa.com/en/tournaments/mens/worldcup/canadamexicousa2026/articles/argentina-switzerland-preview-live-stream-team-news-tickets; fox:https://www.foxsports.com/stories/soccer/argentina-vs-switzerland-match-preview-2026-fifa-world-cup; goal:https://www.goal.com/en-us/news/argentina-switzerland-world-cup-preview/blt53e9fbf74cb2701e"
2026-07-12,09:00,Argentina vs Switzerland,Switzerland,,1.00,0.97,1.01,1.00,1.06,0.93,32,7900,"Switzerland are live-rank 14, defensively stable, and advanced after a 0-0 against Colombia. They should be treated as a credible low-event opponent with a set-piece/transition one-goal route, not as a weak underdog.","fifa:https://www.fifa.com/en/tournaments/mens/worldcup/canadamexicousa2026/articles/argentina-switzerland-preview-live-stream-team-news-tickets; fox:https://www.foxsports.com/stories/soccer/argentina-vs-switzerland-match-preview-2026-fifa-world-cup; goal:https://www.goal.com/en-us/news/argentina-switzerland-world-cup-preview/blt53e9fbf74cb2701e"
2026-07-15,03:00,France vs Spain,France,,1.00,1.00,1.02,1.00,1.04,1.00,29,7900,"France are live-rank 1 with 16 goals and two conceded. Mbappe and Dembele keep the finishing route, and Tchouameni is reported OK. However Spain beat France 2-1 in Euro 2024 and 5-4 in the 2025 Nations League, with Yamal/Spain's wide control repeatedly creating chances against France; raise Spain's scoring route and remove the pure low-event read.","fifa:https://www.fifa.com/en/tournaments/mens/worldcup/canadamexicousa2026/articles/france-v-spain-live-stream-team-news-tickets-and-more; talksport:https://talksport.com/football/world-cup/4411809/france-v-spain-live-commentary-uk-kick-off-time-team-news/; uefa2024:https://www.uefa.com/uefaeuro/match/2036209--spain-vs-france/; uefa2025:https://www.uefa.com/uefanationsleague/match/2043065--spain-vs-france/"
2026-07-15,03:00,France vs Spain,Spain,,1.00,1.00,1.01,1.00,1.00,0.99,29,8400,"Spain are live-rank 2 and have conceded only once in six matches. Yamal remains the key creator and the control profile is strong. Recent head-to-head shows Spain have a style edge, but France still scored in both recent meetings and nearly chased down the 2025 5-4 match, so keep both-team-scoring risk.","fifa:https://www.fifa.com/en/tournaments/mens/worldcup/canadamexicousa2026/articles/france-v-spain-live-stream-team-news-tickets-and-more; rotowire:https://www.rotowire.com/soccer/article/france-vs-spain-preview-predicted-lineups-team-news-tactical-analysis-2026-world-cup-semifinal-122319; uefa2024:https://www.uefa.com/uefaeuro/match/2036209--spain-vs-france/; uefa2025:https://www.uefa.com/uefanationsleague/match/2043065--spain-vs-france/"
2026-07-16,03:00,England vs Argentina,England,,1.00,1.00,1.01,1.00,1.03,0.97,29,6500,"England are live-rank 4 and have Kane plus Bellingham as decisive routes. The Norway match required extra time and there is minor Bellingham shoulder speculation but no official injury confirmation. Argentina's Messi/set-piece route and England's recent concessions keep opponent scoring live.","fifa:https://www.fifa.com/en/tournaments/mens/worldcup/canadamexicousa2026/articles/england-v-argentina-live-stream-team-news-tickets-and-more; guardian:https://www.theguardian.com/football/2026/jul/13/world-cup-2026-scouting-report-the-lowdown-on-england-semi-final-opponents-argentina; timesofindia:https://timesofindia.indiatimes.com/sports/international-sports/is-jude-bellingham-injured-ahead-of-the-world-cup-semi-final-argentina-media-cites-new-images/articleshow/132378618.cms"
2026-07-16,03:00,England vs Argentina,Argentina,,1.00,1.00,1.01,1.00,1.04,0.97,29,8000,"Argentina are live-rank 3 and Messi remains central, but the Switzerland match was 1-1 after 90 minutes and their right flank/physical duel profile is a concern against England pace and Bellingham/Kane. Keep Argentina scoring route without treating them as a clean favorite.","fifa:https://www.fifa.com/en/tournaments/mens/worldcup/canadamexicousa2026/articles/england-v-argentina-live-stream-team-news-tickets-and-more; standard:https://www.standard.co.uk/sport/football/argentina-xi-vs-england-confirmed-team-news-predicted-lineup-injury-latest-world-cup-2026-b1289723.html; guardian:https://www.theguardian.com/football/2026/jul/13/world-cup-2026-scouting-report-the-lowdown-on-england-semi-final-opponents-argentina"
2026-07-20,03:00,Spain vs Argentina,Spain,,1.00,1.00,1.02,1.00,1.03,0.96,29,6200,"Spain are live-rank 1, have conceded only once in seven matches, and Yamal remains the main creation route. Final context and Argentina's Messi route keep this compact rather than a blowout.","ap:https://apnews.com/article/dee9ab213948b47949b4fe9a9dde246f; preview:https://www.houstonchronicle.com/world-cup/article/argentina-spain-preview-tv-time-channel-22349545.php"
2026-07-20,03:00,Spain vs Argentina,Argentina,,1.00,1.00,1.01,1.00,1.04,0.97,29,8500,"Argentina are live-rank 2 and Messi remains their creator-finisher/set-piece route. They beat England late but conceded again, so keep Argentina scoring live while respecting Spain's defensive suppression profile.","ap:https://apnews.com/article/dee9ab213948b47949b4fe9a9dde246f; preview:https://www.houstonchronicle.com/world-cup/article/argentina-spain-preview-tv-time-channel-22349545.php"
